message_type,source_ip_encoded,dest_ip_encoded,packet_size,timestamp_delta,sequence_number,flow_label,teid,qfi,priority
51.04967141530112,739.9861735698829,377.06476885381005,625.9218709605026,0.0317161287147615,21518.976586304307,520140.1579212815,35549.07674347291,15.953052561406505,2.0542560043585967
2.0257399925344695,984.9091518567219,124.96214968939412,637.1332800954207,0.10021535925571763,62839.95869900177,1046417.0498188585,56489.20101992476,57.12628615445176,10.956078514313237
51.92493852827441,103.13163573247118,750.1246140028643,609.2125763751475,0.0,56363.828492954206,501772.18587836914,83767.00875879763,30.994767780357527,0.055547163665464964
3.002637477284956,19.026032170142265,834.9604854458482,1155.9557044645214,0.0,65260.74031213697,149014.02896809118,922.9126695356188,4.039407265656128,1.093510554388491
5.058487583987052,983.123119574044,9.082190026400118,563.1159735489915,0.07632812721626499,12175.982384338578,87686.99268280303,32152.943433361055,31.990653475721,2.085730108297359
3.915199052423386,724.1305906357949,836.0924207966218,192.43861618397938,0.02441430514451788,5155.179776071513,132956.89872132495,5640.082362332434,-0.029465035335112064,0.940752942848819
3.9006368680071546,221.89365991945195,429.9361924084235,844.7791816228107,0.05138855076358284,51691.109372847866,798027.7925145981,57043.07006330088,0.16746386321695392,6.9602665889242115
1.8956840921793405,985.9179144308785,16.066514585451333,1132.5951202012693,0.0,62724.02338080347,6553.033961933395,82980.0231213713,42.99900741773755,3.180384778505449
0.8439647891316348,-0.003097760347370769,414.93790715761196,1286.8324975973403,0.22442464276893698,49159.95232678565,880649.9219530786,48930.10702677351,30.871770740411048,13.86725210989718
1.9709496826651367,241.01121280470622,603.1250795122804,165.4040224977906,0.016155541819018612,31645.99520088969,987035.964377031,15802.891144091302,38.96489823014417,5.258839995364451
52.051947584061416,293.87312496192453,549.0240420026196,1381.765349010874,0.05050381997495931,63714.0394393831,248342.1279132264,99130.06597363744,25.954461912385977,1.1465789026457902
5.020586486685063,715.1166761709178,850.7927360221425,276.6375154992151,0.11504890454500244,64515.23945537951,898435.9458766327,23451.07527054205,10.78496482059357,11.969455946380018
51.81477892553871,150.89190010084474,159.0078563825511,832.981478173182,0.20399752763044215,60789.07333875518,325340.8529021444,58013.832458044824,28.058302756469104,6.932253893702031
50.8376268885366,265.9898216067729,275.8190208901705,806.6094078486298,0.13665429553693387,5255.961891361708,974686.9997710137,2632.0341615179827,54.089757224571215,7.963889988574419
2.8962356824497424,375.0593658157157,669.1102680622168,1204.2081195370893,0.007577976657888473,61364.83829939865,981818.9728485511,42629.09455542501,39.937300721331454,0.9734052718056487
50.98689478426531,552.9799353897432,388.8309877110055,1035.3550333566159,0.2976625112272511,58727.223640540644,446438.7388488051,70403.07660093908,11.174616800793851,13.831086074945
2.923981385382547,376.7898415989154,112.91902433154232,718.9162199710316,0.0,21976.058140397607,513671.903085594,63038.85190988966,60.947665745367175,2.1267064598936045
50.83307164786053,301.0563217494719,518.0420383432102,1294.7749699611988,0.07811216302380104,42471.88079328176,407095.8764950945,70903.17723026258,-0.11223218256394901,1.780533178406428
3.907822900678691,33.941368236580225,562.1163999144628,283.7421445329997,0.0,51668.13067089063,683775.0737807059,9809.03791112816,57.000098920086394,1.8894965181254206
0.9568504448440189,618.0439375546648,336.9998738181162,568.5927462301702,0.1715366059163122,10185.066557274477,642031.8956384776,79036.87160889118,18.99584661067943,12.885202267077958
49.99876745736963,796.947241898934,551.9712408803332,1027.8658908497982,0.0,28352.089402558795,374343.84732012823,44323.0240408204,50.93579071621052,12.159220229079764
1.7861021346481905,627.11120612371,487.00358015526103,1289.3945489783034,0.010752838022521713,62089.87910425803,506733.0291628075,74526.83493448528,42.84928709086176,7.026528183386442
50.11003229392317,291.8017372583426,945.8849750486853,664.2875312420575,0.0,35036.95661033055,57559.88644181343,22.896670492988157,30.762804137792347,13.070333808651212
4.916633517686732,900.9457879118128,329.9139826611958,1042.1883710319662,0.15292686759789687,34526.074390291295,766229.8406904986,34137.00877518403,19.003322693512175,1.8430499613801332
51.14156143640643,343.8914713600925,804.9383691963374,1405.9390404612554,0.08842648695426578,34342.155649110355,426801.7043651438,89013.13590806807,59.06483467919124,3.028602874384458
4.112852215222021,613.0144192284231,99.888474139964,657.9636436060596,0.0,49492.94016128987,594055.0348992138,4871.122058965397,54.91712900853729,1.888894050431233
49.90555236356283,421.0199943618519,884.8459646575608,633.4913875614017,0.1208315412957624,57237.018248452485,118065.04045589738,22996.046154203832,61.003503316747086,2.0459022980759594
3.0915507098548094,218.9396458027272,288.1162295167208,994.7689998472989,0.0,7445.039772611911,204573.1205865425,34190.10562991087,1.0852543909118313,2.0689391414477503
50.08509974083019,992.01777549245,629.9146960288488,1123.326131868205,0.09816625483009572,22732.110051556992,895042.6964863848,42597.95854385487,23.86569121623494,11.922682609559356
4.956939685027021,848.8806071914476,928.9555701006402,1433.0896158465837,0.0,51940.05856959595,661034.1177319819,95761.90349909442,27.021827790544357,0.9133856319274283
5.031854549906582,391.93204405654944,45.77916115305035,92.85875663643206,0.3652553570994375,34248.833404402685,255930.91756612627,53234.054526034226,53.000118619318116,0.9242969477734309
4.057681305130994,382.2131108796469,484.2440219667803,375.09624422840676,0.0,23555.996326469227,133726.04306957862,96572.84705256695,14.926974032450582,4.105131523631826
2.060834549380774,264.93633265919624,913.9591122821125,469.17821658771277,0.10831999315305317,56214.94032011667,287374.0953652526,16293.126166632132,27.937530228613433,1.03396892388038
2.929049786602392,740.011269401372,572.0477022489182,1732.6893128118552,0.12989848884885064,61099.88111526416,455139.0613630948,18615.98218582256,8.134652143299673,8.116114987523003
52.09403013107189,738.9442369550613,126.8940463644831,583.5874689453217,0.07414232784320975,24882.98256759914,325369.9823440321,26438.01900368814,33.87849583555577,5.145481766691335
5.022444485207555,62.06615314728168,594.9420242360633,1058.5858220980074,0.07425548383780733,24151.802529090022,716704.0275548013,45891.842419482746,54.1568396907455,11.927520497700725
50.01220461372246,45.96952817333741,326.0577975386118,701.9220665257836,0.10049017849877302,64006.05052619363,803537.9482440581,27351.067644765943,49.99818449735419,9.935036792738945
50.66836411792299,230.00693882891719,880.8809495321904,700.706813463939,0.022020127367921666,25252.097249626746,9470.062091582846,1083.0550156735803,14.085516611323097,3.0563869190351896
4.189985293614811,389.02088029533064,112.08952110354815,225.9424865528359,0.10850408971862441,63336.06028672439,184680.9338632568,23466.895638926104,29.941885102730538,7.9643647000167075
0.8640099657781313,509.8764598156237,342.005992863795,680.9967063755826,0.06391416766793706,53444.9965930469,858311.8806141885,947.7898134921677,19.03683818789296,5.1495400480800395
5.084065040275603,801.8642852844048,303.12869365098754,800.1133469292313,0.12370374820244091,48920.997237816875,667566.9618447169,9117.969121803751,3.1387756046638353,4.171649941532977
2.0849312886036997,615.8877252782959,81.11430846926609,979.1261519208438,0.10101887498865406,18962.10617719812,655408.1429938411,39181.93346164627,23.901549608554404,13.896034299315529
4.986838779802441,769.9539552937089,554.0662962064125,903.8627099924543,0.036319531460214,60006.926712847475,152109.89666898837,44153.97714810551,21.99582384435464,12.813564005634703
5.017685072107886,631.2377754124971,912.0998732857054,1073.747887911697,0.10667654171560151,61601.82352459806,237468.85568741313,44528.860071444265,26.082035399925324,5.129529931977468
51.94037142810327,219.93945815925474,488.0456777640281,1194.3716256868306,0.09002830627310753,6398.884789243427,281314.8417580633,18688.180185074827,9.995670621826422,8.116352900645746
50.037237552085315,216.01279155445994,960.0527212260922,808.7383666204116,0.43043570592181346,33837.03790208906,509082.01870637474,78767.06803735942,37.87754895305238,4.123012956556998
1.0106884304151766,927.220581524214,872.095656269341,1034.4155078188069,0.11196599060222162,21605.09971826416,959747.9068452085,73589.07304304927,18.98287863081835,-0.12886911802532963
2.8306269973452904,240.99978786670437,972.9574108159778,1279.7214463121586,0.01604832099797944,39398.004054968405,665274.9931645573,84238.87977758996,52.98174666310212,13.912042393091252
0.9775513331800674,761.9772476060471,824.9408601069035,986.503820520253,0.12134263256967066,50949.863410513455,8078.072095589735,57954.867443824754,51.18569316481033,3.124718033728749
4.939387898226523,359.8940060246382,540.9449080326893,956.9909364433814,0.513454992942439,49907.90941410136,416968.0069352172,28366.21786556565,29.014731691072303,12.051725712906938
4.02302992417823,865.0307947549885,594.9263670743254,1424.6325974998044,0.18869657639805182,60809.77978126427,701347.0692898502,93176.99072193759,40.07779198683748,7.0497538256811
3.1630198080343788,253.1100735893883,389.20622301227945,392.5829010433629,0.2886151787645571,7045.025922487453,521316.9536835934,9953.853601753422,27.9694670620402,2.1116492149133257
2.0743453215513354,201.1521183360235,203.92931432768523,695.6872416845845,0.0,23416.90002766309,226136.89903876974,46327.00310436774,18.999497825782427,11.045916557922682
3.9335711100447526,37.94175691739713,903.0339579485028,837.3069061626442,0.1657787650308419,14295.009717839986,421171.9857666811,47941.17817477691,32.058812032852956,7.001073272591539
51.0069847774766,222.99513348705443,963.9340253789851,1100.0422514509721,0.020075286567071395,27360.91315814582,1041962.947984708,88942.00805676245,51.87977918513605,12.900313490851312
51.8248812248708,68.9570401645951,252.92536108114228,653.7984924801326,0.009464088199182374,51444.88726709717,587759.9318067975,3260.9024939243727,41.06754444427044,12.974240200532549
3.0473717081265743,637.1637603439943,11.09985419802879,283.57651172559235,0.0857032984602027,21827.99941865591,272125.85063115234,48566.842006676605,38.93820694873623,1.9759496743401472
1.9857641157298052,663.2057221737582,32.028326194110605,851.1935960458352,0.15633841565755063,25651.993096914088,519382.0755180485,7705.082564664851,16.98869307902987,8.76321624052719
49.82502345269453,107.03426804033275,110.11530358025637,1696.2922361305448,0.12420672838749376,63204.05142188414,96707.02211796692,74474.89299566695,39.98105041691768,5.025500144427339
1.2706849839399939,116.06281327087845,534.0907969446476,550.669150389689,0.2785725279936381,47145.96806819554,392543.9151923017,31515.06059653495,16.79818317559626,0.07401220570561068
52.166806829533,913.0925861815972,349.1057996774523,144.31891189815332,0.25281107170530737,36660.033118301246,1039669.9490155032,43832.90969010814,22.98699836272776,13.776179650872042
2.875072164960084,568.9739668586349,597.0383793300133,234.2313782263703,0.0,23203.232721901728,725223.0430792953,18241.043231577223,17.90199886502649,13.936803480996424
50.95817867686865,233.9458066385818,957.9392090102053,448.1118898615817,0.07736437051651503,26754.935046642942,545580.2172416701,83984.9796638962,51.96832153812045,5.006683360447703
50.97546743329616,141.93866478057816,285.9273232124595,1654.692158420604,0.17919880342635158,60419.98718603684,305414.8466007515,82517.04707100426,49.944468873960986,-0.020471619908473657
50.2164934937442,453.90093482490835,322.04512543447606,979.6882298101356,0.0,14126.939796234772,46105.02547360804,68836.01788615144,53.15815496955785,14.006213479346854
50.04939919387087,498.9346022226878,657.8525022391719,1258.8252970043138,0.15076142341845372,45516.9568955839,117362.9655730988,94410.98837160229,45.057592535004225,0.8545019110645384
2.8973095488200915,972.0221749426348,619.1130390111903,1013.9031636757543,0.0,45279.011878403,824742.9515569787,13515.805508729325,42.009207733922516,1.0902169094849619
0.9812265061413501,686.2440636771012,848.9059092164292,884.9452465173591,0.15197591371645508,4542.097291788804,205229.02591949486,91786.99259250841,61.98223119818656,7.916125644807033
50.03285971014227,521.9203801451404,293.1403123828432,63.84522072459085,0.2870278327463599,28394.114772264595,559865.0130109327,24277.043142235925,1.9131680237006956,3.0027159370510175
0.8866161665690968,301.03843191934,835.149655377637,569.7109677400531,0.11324848462750067,62170.95405610923,644741.9940831228,35950.964582649875,56.92644769452633,-0.1183939886367611
4.147773081008472,524.8684063787307,692.058351334821,1211.031866038673,0.16712194333199454,62529.05919462177,661974.9300585162,88131.97297540975,23.94928526438042,8.104889264357226
51.98500102084467,920.0932751405667,602.0209199392247,1379.6351709139813,0.024874506900190448,34034.1189292062,468942.1079335045,79742.11452302476,30.09929260547153,7.071230989135654
2.9978237947796713,982.0799883212545,505.9338556911968,544.4665995862194,0.18253644406400307,26718.889187672972,740598.9106746875,65181.06804159099,29.869532662138603,4.874863782430492
3.062178653373228,519.9068098790779,246.16092543057528,593.2038529435823,0.01593340568483058,44385.060836197554,818706.1924045302,7254.123197799975,23.14323695253486,12.02153094803244
1.8507700675643646,599.8768705319254,441.9971855604846,785.8340555806955,0.1007939235389333,62791.99463995661,423380.1508410052,70385.97650991958,35.993300224536284,4.965832099925319
3.8171898364557797,820.9557349000262,824.0408344110868,731.4699867610269,0.391241493092252,14902.003857716212,387476.0866960535,42214.09331786627,55.04650626589873,13.9298281926342
1.0114647751479668,652.0641273166981,204.05493577331978,642.4010874981406,0.16450329155675608,6302.895241128177,404494.21636734135,68775.03387358983,43.03603239972977,2.108874590719994
51.99924887945996,987.1204692765573,785.06504391292,1072.2655816180197,0.0,60885.01592650949,169318.99060037747,1617.9462865773096,61.01095717084632,4.895793426278794
51.01474497712614,560.2024840286354,856.9573119629777,1648.6671142778496,0.07347033863986595,64486.99445885806,712260.8680137466,55686.040507164565,32.98144946656812,6.989832793124833
4.978796683451893,157.9715070830206,260.94261017911913,1484.1057609266225,0.0519474612935983,60580.11836945699,914275.1615372929,86480.03670624697,0.9985880690002631,11.06296417974085
50.048468014073336,299.9177838834144,770.9663258205721,88.75791704112737,0.24916829979579855,30565.85829250304,519675.8615554636,27379.040288662352,0.05947691403192991,10.908406723651236
49.891436939669944,664.0997345446583,541.0282978498052,692.2382386139326,0.0,9991.16514365371,1029620.7573320756,78629.95710873712,49.126593625870555,13.91332595977349
4.028847906093119,640.9537045917773,819.8661995579366,582.9577419497324,0.0,34229.92514523079,862379.8982478637,36182.1635066801,50.09225456123686,8.92801186754377
50.93011630562834,998.0010623076603,949.9053213557454,1048.0253336151056,0.06779122318720729,17629.959717756345,910177.7366696282,9822.020197049804,56.959267387848904,12.268696774840569
50.93376945935662,61.14028673600194,664.9410001166027,880.5706906525952,0.17934164980289996,18594.717617449907,725898.0519064375,38486.05057987044,13.019746139419636,12.992840151673132
51.94281905173406,905.0029623959784,933.0562591943337,588.4746986639468,0.0,31741.010656534978,642931.1732392247,83482.95289832145,36.967577269357285,2.2036431964350407
2.9600001000804403,309.06191735748996,786.0698343466113,901.3786720230514,0.2869254587455537,55187.13152497125,588737.9208864811,1408.9655540194553,18.93264835160008,11.96706126827096
2.837118862206231,154.04957392008433,420.9237233564726,1154.547765177287,0.029216813810011108,8061.046248022256,49476.97358612284,2775.8817395683886,32.9367300136982,0.9466991161243583
49.95724391629601,938.9186944667508,949.8954286828077,379.71446089135367,0.27042366463160883,64422.99879675434,339973.9062754368,21534.969852867933,42.81300752600652,8.082942451786295
50.04502232110788,320.0150861985346,2.1583146146368715,1522.6521540152307,0.0,63294.03816546382,573581.9207348073,65195.91599833285,53.11817910706345,11.974356946076902
3.945209848604967,413.129491462806,326.0494332335554,453.5978795578998,0.1709681597284701,63926.11484961333,773889.989274684,62258.03447689733,54.919045904394714,9.010816315895635
51.8971193925481,184.97763940795267,379.16342201788945,1126.2802345775967,0.12215931198417244,17140.900101080057,1022936.0933199967,84157.01369708792,37.05701180360901,12.983391100478663
1.9775684544402654,257.13372573270107,442.08823661627906,416.9976296255292,0.17790216105528728,1096.033611467372,386060.0970397015,59259.12428266387,20.93253980641067,4.915593055861743
1.8735144015927758,640.1184280916593,900.035504683399,1081.0902682653277,0.12556404024840923,10316.043950813835,594498.0542912768,83693.00241124038,33.90723390624439,3.9684381271004434
3.984361455196796,354.9845858379461,405.95015315619986,800.3728026631643,0.005086313120713476,21019.873851995755,971270.9648907087,91643.77274738344,12.939049914863569,5.038737681290278
4.109077548727316,851.1065580711702,647.4515740305179,709.4840234919097,0.0,10316.098664970086,820047.0801065216,75706.10268874739,20.003288459565283,0.11345711976847449
3.084034394228226,26.102096742679944,578.0322319215579,1168.677264081829,0.02774126096148191,61719.95368359432,344352.0050482062,14038.08118278318,1.9434232565098015,12.984924947352418
51.16477263117422,299.9941197175724,857.9702988983654,661.9467282811402,0.0,30413.915980586455,821306.9722003497,27892.97876851496,1.9840900338110419,1.9244821083527948
3.9532832178735253,842.0295995518954,981.0185480114454,863.3973043342553,0.0956822971242573,2771.100155351935,29985.94745442454,37930.9702799078,29.929256054956586,6.129338711622288
4.004535640649163,583.084533119918,988.9906881330963,1051.4169357855137,0.0,37406.04792455121,911602.0110515992,48351.97468163917,16.994286041334178,12.006574035471463
2.0129739635285513,255.09023618613415,279.10058038705984,402.8211400659744,0.09480862505566258,9066.973734979752,836188.963112279,66941.14787410999,52.1299380583191,11.947447373191569
0.916684565851355,993.1237691009045,945.7524268961135,1079.367517513734,0.32246218220962547,10716.017822492364,997708.9510920387,97955.95579113823,30.974839151099122,1.9531353020346138
0.8701428951665455,144.99074611448842,883.0070074299437,941.6174651672628,0.17074460524865404,20725.98174204687,199887.8829976597,28549.102795440136,44.91655321875436,2.018779335767153
49.917137722278795,74.00603814871097,561.120277692037,359.39060237339527,0.0,57646.09454519009,436840.9954609844,51049.19263347662,35.00993790206358,4.061274872872609
1.2396478564045093,427.9961897119323,474.89464774551766,566.0149854796376,0.306306668536913,56959.971587910244,611339.847566646,97205.0696850979,43.99685053340514,4.02073068671672
1.1395880443979423,660.8600728417504,38.931360491399644,1089.336193506509,0.2880179251212923,60357.9437938296,605829.1563192259,66906.08826937902,51.999693070046526,0.9756479803599503
2.8913914547974673,84.02276872764259,733.188766774673,566.3457104830297,0.09537427747017324,31235.991125056476,195543.05415148084,47665.17117244626,45.85673129323303,1.0696575711709058
5.010180944770374,961.0109792945776,716.74486814291,289.2344089121272,0.0,64098.01596794498,696203.0871846889,5452.982300840832,28.952945726362003,5.9567026554213784
50.97686167526176,30.03906132282686,392.0358297467245,842.4074140553073,0.17797707919094127,1161.1913412126892,1019335.0302902744,2631.9169173689447,61.99398576705282,2.9905705863888326
51.93632624097824,20.053155853428713,6.09902083524394,698.3893972720361,0.34906390013103583,34263.0405012765,230502.12981737082,40667.738636728754,0.13564337271994184,11.187316054576312
3.9919648163819987,335.97875690964946,604.9112734552871,643.2597745761498,0.039960436625527174,35613.946428029296,67437.93985982907,12858.050793209055,23.836211845724073,11.017787092177787
51.00972216611921,613.8826386600524,100.93147856741788,771.611886501373,0.40323132686075647,20092.99831468971,534939.9976159598,52879.84742830482,20.819610773411014,9.017000480972388
2.2312074605983034,337.0136789319235,301.01681842694853,858.7723480190197,0.07618472784414525,52310.157302809435,882508.0312064614,95202.10725715024,19.02278688034895,8.97488040729603
51.06243506581918,968.0225836750086,791.0416189748368,699.6462918082442,0.0,2329.839012122775,158693.075056225,1659.7528126007605,15.08062881907261,5.0584766890707575
50.05849179108439,330.81522604375914,586.9216911417541,497.5238319667112,0.14139316120619205,47850.99406371923,965721.0513125436,50152.05815866191,13.918870798177197,12.859094030143327
1.038172022541905,146.13321241585018,580.9120217474014,1120.6002705543697,0.2339017353069166,55325.13644419887,672338.970280336,15954.838720933873,53.87554355726594,8.97841715837191
1.1395013082855636,812.2170016926535,403.0737704940353,918.9159319440045,0.5763779467680873,57653.09502284271,66125.94718453339,38670.0650133901,20.03593448052032,12.980324665584927
50.939107895381674,957.0579315112307,565.9905451662397,1134.1398587861274,0.11175155550985534,65279.87558186665,770340.0491725062,1923.037103742065,22.01171552020931,11.047295754110054
4.950322059591954,158.09380244673534,677.8493369681391,1116.6380793938151,0.17936618583546923,62878.059303212125,490487.9605575282,78672.88232170713,37.10715703453381,5.909655018127993
50.98279375911424,380.05095937480604,226.92023810036596,810.1474661275194,0.06156480822516339,50867.86704385388,162775.9085650605,87186.0678807783,13.855796499739641,6.017502670629561
2.1124590060694786,510.92129131957296,846.0368189483764,732.3750133668274,0.019854483888093064,61856.006690454,964899.9069251082,35569.10438756712,25.095138754650666,13.899165564908934
2.973327771411775,139.19452030882647,384.8210812996661,410.8047574899174,0.05617747064295253,27819.144269114015,160810.98098186057,4889.876329791009,9.879929540006735,10.928571022221732
3.862435959971588,272.8982189834325,446.0807864132155,1439.7199224208427,0.19815742142485662,63510.98784409008,316358.8804264898,71592.01687939404,18.840899324578366,5.087784866826246
2.040594830456616,102.11426177364817,618.973393877665,1970.748997726781,0.0,64705.07154161281,542301.033783886,41272.082892173414,2.932552836992807,0.054508941937582156
2.0870931455939545,768.9461754425308,912.045427416925,935.4024677587338,0.6138828461990324,43499.0790594532,350638.82927340624,88003.9890959673,9.98861378295286,12.905985529648236
2.8707861534331984,64.91319859461957,433.1314543816404,204.36201758477876,0.09502008301288774,2724.092366202691,560591.0698624143,49967.05060652659,39.7831364649431,6.778324705578768
50.0528953932359,280.24815574739466,932.9229949633153,895.5714887986429,0.0757648757085489,60360.09687828768,385327.0087927705,14040.174199834893,0.14602716138279148,-0.0569445768803841
2.0651652007234413,72.02711507484909,680.9421562376081,864.4709914358186,0.1223577100789586,8991.995837310138,989802.1538765687,42723.925988949064,34.9021079905741,13.747210563239717
3.003412646219758,126.82355059078749,84.06393754136,471.9359583187913,0.04068995111974158,63231.06634949042,328442.8796834111,67840.12969061226,39.0852875797262,11.968783695491577
2.0795711734855207,916.0326471212575,178.12335239197245,1259.914310048014,0.10768814466729756,45480.95451532084,973858.159252589,43316.11654512727,31.158695689188086,5.081745908194796
1.115609792632515,354.8812414943578,532.0929019380341,1290.2116003927708,0.0008368146096075363,51786.88227877139,622322.970324458,66422.83574785551,52.1108187353463,8.094494880983055
2.0273006580870874,317.9469238022519,336.25652392405993,1309.9638905173658,0.3149662418120433,64235.05536735788,383556.1763272023,71548.91501142643,15.998164521504965,5.91745100228877
3.0948791976129297,314.9904331445459,174.9453363043587,1010.2982430082487,0.1407135661443594,42550.00300919139,90815.07233264632,20606.061373620796,62.12327391978764,9.854461002739315
51.9364913100364,36.081993207361094,278.2086018912397,496.0927862862241,0.0,53934.985540702786,656985.8720481782,5506.979005513127,61.892989008552036,11.113489460252625
4.880647580185377,296.94079528690486,566.1114988989336,635.4859939909478,0.2786173632718708,59035.86101708373,395214.88370066474,58841.9473124203,5.868779552199651,8.9000244371669
4.1495589241652,11.001481497819846,163.86758993136246,761.5640612645468,0.32601078935053285,27050.85725824697,637546.830107805,50186.03668478695,10.919803107535232,3.1642530623997582
51.94407740598867,958.0029795647172,48.085159117669726,440.13323985811815,0.21002116626914638,9625.01558082365,254598.86626014666,63043.88554091444,54.945198405595,8.100999366920998
1.9932194763537459,965.0145810015981,703.0325779278804,1010.9065911995068,0.0,6026.840899771982,1028806.0534909876,51225.103456060395,3.042907047314443,11.063568371136922
2.9117220850719647,129.01368064021264,650.8941181108382,994.9281348366906,0.032416896268058576,1032.0774526142209,730840.9416690746,82805.98547220348,14.056184746716502,5.1275231695505115
51.89879196888173,622.0063002483655,724.8074982679235,1092.8477651755977,0.0,58542.96495914756,732483.8856825446,26913.87678039838,46.1002616779396,13.105791582463645
50.02641628052768,316.9650878151838,637.9883545191129,709.6156796074288,0.2048016996455756,18800.060271995553,960749.9088930025,77682.03234000216,30.012838954209492,11.951748571198411
0.989409292241873,1.0987705306107138,418.03073970718447,775.4337426474779,0.22243483331089425,11982.888532673005,7904.07546610393,58745.92224834502,4.9928532517957285,0.919750925734613
50.00093898881626,309.9232818766109,109.94168383554678,894.3963609956334,0.2657272156879325,59901.17563169116,1034728.9480454362,17601.110699718876,41.807733513948314,12.970278767490498
5.004471179473622,196.89022318310444,761.1636206984062,1348.1921966341247,0.04485123914236577,28991.928308720955,982027.077317168,95149.03109112575,38.06755511208207,6.100791910523226
5.196101102972947,555.0477156795301,476.11452202391456,762.512010876914,0.12056205626457484,49245.14068652783,646483.9398080725,94593.91859551011,28.01860124343492,5.008056597557356
4.136785810825496,791.7808329109515,941.0195995682376,587.9399858111819,0.10109614234960448,1751.059632604484,340821.9277526987,77701.9882283294,57.19017991058176,11.961542380135135
3.1475144426293444,570.006099180914,189.8225107114762,992.2130429251554,0.10962390806993907,8096.100615274336,463722.9172414809,21309.867854996894,49.131764903692954,10.088751895066807
1.8117254217819485,440.880821401483,665.999469877453,351.2591813464188,0.2152539451109715,348.043905726614,811441.0876334042,1766.9684816663,55.7753675188718,7.85097573566094
50.07096914549442,271.13677917070453,790.1298705044567,1054.1949619896648,0.17249039334959515,25575.03442756158,175231.07834978096,71543.99919699799,2.068964699043286,13.001636220027043
49.83490413817227,219.02809753801918,335.96363949868953,463.03139559625316,0.10502564482227923,63617.94437598631,296751.0598111664,13305.902742184664,10.921239662865943,12.97111369300538
3.9318218720952203,928.1308551178395,126.07120500819738,649.3047943393015,0.26228418796522257,43852.93207611208,161297.90914053956,95347.9471113765,9.916924302597936,5.0372541883139155
1.1684925790874923,204.89877113897785,571.9197450795233,816.8808983120251,0.03551598286921206,41834.11647181959,355430.85244127206,18716.062093073208,10.901768285855509,3.900418616067205
3.14666369249046,601.2197040632885,992.1164099583978,681.1664846544496,0.030604171957990894,20796.880195570466,901448.1026354675,5029.125585356959,46.952744265671164,0.020618086591628657
51.096968483724254,935.8140034086892,107.86351932901486,590.6014032541474,0.24123387735869167,19743.992058293967,565273.0858385721,11939.874697864132,61.149474749223806,10.934328169517267
4.071873523519788,371.1746794626995,110.73977820157398,1099.1487302062483,0.1540370064892187,55919.16517444958,10566.926723922157,62457.97267568302,18.02574965731188,13.097875089527141
3.032875448199556,868.0424832341724,63.909536648929404,887.3513841727695,0.10455608204552204,13766.104411694658,384467.06116320664,56950.835805759416,50.13721573624278,12.943945209037883
2.046811520890557,287.01120040789283,596.9628042553485,312.9171558312464,0.0,46888.715742617285,56731.16247187916,44397.84311547047,17.940544550999697,7.069641053247146
5.110807148271306,907.9677722181992,972.2288743854905,923.0441119590873,0.0,37744.10899448246,234295.1209471401,50064.970736465555,53.903693639804324,12.020237654516405
49.85490517506337,323.1910953133931,374.0711879153557,745.2489270255955,0.24766846589961797,526.9967050328863,340525.97786532826,87595.04772567766,32.93080606258721,6.079200593049971
1.0316783457393008,529.950658290315,818.1217945810732,731.6772826110928,0.198218577632979,29363.04303074388,409578.9313334678,97425.9546981993,31.926714079425246,3.9246372570338686
1.926412625804441,729.9139846838501,631.9076717590968,981.9409015107358,0.11017760234594587,62251.06743255283,168157.00237004395,1081.022111872348,22.91600106393841,-0.012453543687684046
51.96499417689374,624.0391515028481,619.2130819377155,1050.220303742309,0.11328959682736507,62526.0184071882,519790.0790087012,37822.926749069346,37.121207557525175,5.0572560850444255
3.9821304644741216,576.064764513055,585.0247950075393,1250.4834607100395,0.1636048920463939,65059.84434844365,849227.9934549059,39028.82775235723,46.91567656492455,0.9209463172706546
5.007147466047853,197.0539807016423,849.9880475007369,931.6833072808829,0.10156710672113609,61254.86380667269,212649.96242694583,69538.07450678185,47.16657417683965,12.90526604314057
51.943777606106465,538.7295618107805,437.0100132830843,454.89271069281926,0.03920087275966705,2261.0877419877793,793339.0503912919,91685.90185665152,39.83653832395221,10.967823219162245
50.770561776441674,745.0050773652191,515.7937182707998,2055.622975034115,0.20492084766467794,62220.2157479749,651808.9555028145,95064.0038962208,47.958012459981184,1.00801510350895
4.010803945249111,648.9863502352684,300.99809427326335,626.6814621537791,0.021522397736104953,17045.96828351337,961919.0450061102,10248.860063596629,35.941394256739066,14.10954449004244
3.9552127320949437,11.094974282514888,646.0453740067748,547.9966052255324,0.1374979963908109,38960.90454616323,623755.9477220521,55420.97359686003,14.959312642671865,11.100633828901948
49.97011733500829,719.9393597992637,823.0023343021953,750.284378179884,0.20048449424149106,56308.940082556146,752913.102521744,11232.016583847904,1.9222133434281536,0.936121819829862
5.069918177528744,722.1020217780253,294.99034352480885,1143.3317778220865,0.0,15523.093322136881,457291.07287667424,9404.932054736242,46.051876571483994,6.871723383147594
52.02293469136742,49.985120297004705,258.88655548242923,833.8038340828109,0.0,62965.904808272295,12203.914138526536,59819.93202520451,23.06884505885788,12.019481180289949
5.013484546746917,900.0593777873634,942.0790621321885,784.245170828996,0.46023547846476875,14439.965040439787,848351.9389811449,99919.97364766359,55.95593593347029,14.098573708058453
51.986004855858326,616.9561782865244,195.9812361711149,595.2347678061748,0.0,60683.97133739204,451089.97370294377,84482.9948931239,5.119784113173414,11.006422521193606
4.996346010605797,10.878813436272807,376.9479787993767,384.31465220079554,0.05178829042373992,1257.9965059305894,101131.01952123306,91044.07539081534,7.108482226295853,-0.08445395568925322
0.8968485384639262,504.0663017979575,482.152915635941,1027.9237273515882,0.0236856296286118,10564.894348532991,968125.1063980717,98983.984764247,5.786165832134311,1.0147908315179164
2.0139961139591085,363.98109459278504,855.0704958284525,706.0876159091817,0.22736638583611032,9002.05164253453,723704.2416841055,32577.943263832633,-0.08481220858520731,4.85305855645654
50.909045765339435,145.95706463307124,117.11209459406426,968.8308954380533,0.0,61097.06246723201,384473.8275543109,5376.14862983361,43.02654684366908,9.057650301337885
3.9428630386427748,460.9200422562666,103.02592755061242,636.0700383204104,0.11954580592044746,61076.97556530407,594003.1511111581,47837.024604793456,37.948949525051894,7.068989384218799
50.867564842170765,257.8534130188875,668.8750008883825,948.9149332608353,0.1305306179177321,37485.88776103104,390659.0414549204,58215.980679829634,26.825231874628226,2.168799000060239
52.0522947411243,301.0052452421785,927.9835006138105,658.0827693230083,0.18713909192639233,9341.082149978867,1005198.9218451016,82257.01962016693,17.884433595433457,7.829250048024163
3.1963425016964613,64.02757696913147,517.0458658204889,786.4606336277056,0.0768511248274984,32371.072192766012,108805.90945304358,43816.100187339005,22.947925752650473,2.030895286603409
52.053477457968,465.0584880197773,907.0355374288874,508.6292158362923,0.06023381884842661,62623.021206894264,857397.8725422664,81447.94967216755,28.03250441854151,10.9187403607696
51.726644915533505,891.9193853673672,186.99606517734395,623.0143655717809,0.0,61537.10096451334,492491.89945121494,6956.10796983503,0.793446589451035,9.036270506708787
4.031001022713398,540.8167258801883,181.9391008005647,460.5996622950592,0.1552438842339975,12962.020815824342,642479.8590993907,74856.18721703386,28.034335299350527,13.963605501436524
50.970377314183395,911.0753976530007,527.1141759353353,593.9309701503481,0.10554216592934378,38203.981894669465,743469.7592579152,98829.93867508172,28.902982716868628,2.947311341814972
52.02202631749607,866.8981552478482,472.929953548089,1360.1522567018076,0.20340807613536682,62422.08683491045,898342.0573083432,51142.95845814647,17.953199541340854,13.055236603458575
5.127131471019705,646.7679587547136,556.892691605937,982.6537835263688,0.25637685637733987,23070.86009233269,791391.9217445462,65564.0308541159,38.94649292780533,-0.020239212456696083
1.0260778149917316,20.955948899468922,867.8869046067057,652.6117435758073,0.07900660147610697,55187.15097326118,258308.14758731562,80840.88849019956,22.029387110973243,5.990803002919019
1.087295589835723,962.029912611912,451.91414147369113,1057.6826102008622,0.03757159774226022,25412.00939266605,599067.228622029,74452.00251700862,16.083744842340565,0.12497597346186373
52.04179434108552,870.1397100278786,831.8214095691288,708.0793598699686,0.09284011282368095,39143.92249832311,963812.9850202097,95639.18617290242,7.857447070026599,4.9623643300544416
0.8833144066966221,330.86887300178665,278.0400049610037,804.1799741986936,0.0,57646.90179385178,368921.0209211292,64443.115900858036,27.013117688910572,2.924068223806253
50.08813637263656,25.018336705924288,21.90497491522541,1343.5812922606779,0.008077180416783257,60024.9014203301,104508.88084776774,24398.84556638505,2.0365762382658565,14.145548200325774
4.081879161924676,117.8956449362117,108.03509007012423,1075.2867062364776,0.0004889410790227464,27167.68711153579,376605.90302673297,81697.09346657859,25.004386633751125,4.1425215501694845
4.00405280372908,219.076852313894,989.143557122831,705.0145743729103,0.030923183034162836,64017.95929289331,943041.8065322587,39309.99629491756,24.017816612940813,9.037106995466003
50.09505618167702,694.9599230932014,508.0970978136501,1031.1537254115017,0.14542729719521108,37813.02383289228,1039786.0924313198,1082.945456819143,11.986410849910358,0.9849618256391468
4.082974329691943,689.2515081730476,961.1899271938487,935.075351010623,0.0,13262.915405224818,486649.0400095396,93250.13836266221,40.95405568450964,6.944572457558427
1.9895521406680932,406.98065325189594,871.0218074405592,894.3539587530588,0.09868556804254379,41798.05601354112,141753.02467961126,25835.970992170245,58.059714549268165,5.050886523608574
1.9237972072896012,911.960854818057,599.1200616579808,583.7441979360729,0.12132206769014031,16801.251320811476,780974.9148880276,18473.316741610688,44.026373054805234,10.88771476164178
3.941767266594212,268.8272890365522,139.93054598741028,974.6106397538057,0.11756712158431935,10510.937610991428,730492.9801408116,71302.11215800418,61.029351643602936,10.02937584132798
1.1273705233253013,424.1869691554221,631.0733081226911,843.3520763623227,0.0,63662.91751444217,218811.11314372704,33065.07795318346,10.042953012935069,5.12712908732995
1.964248059619754,63.01484478443523,748.0993530802871,834.3447168524048,0.049142411552020704,63989.96906614224,896165.1064353769,43770.039379146634,54.927673194742525,10.95609124234264
2.0632876265839912,461.93438443505454,984.83726994378,1055.3072804685244,0.0,20569.78576840786,495338.91055562615,33542.11410726502,40.02427530655235,0.9718872049093643
4.943744808979926,972.9706144406654,966.9403538635602,361.97800834804445,0.04221722072960667,65119.22014447253,683549.9757220891,68377.01225958532,15.923183585204518,3.9828996788254427
1.976723257894409,972.0818530407475,456.90266506800884,552.7055708410089,0.22760182480546154,40404.91698433158,617830.0706258332,41278.0142314316,57.007152522520045,7.945323304220039
3.0873551711196567,332.9956899769053,909.0790758375172,775.1544205453202,0.02148072922500613,5939.240384057108,115063.98183860004,76700.95744008089,62.05052463167632,-0.004187899131210116
4.074391300806709,725.9755729915069,733.8594501018243,1204.004410397203,0.019356864646325175,19978.113439043063,833053.9360511062,23947.122829693893,17.900900437303207,3.9370379395118893
0.9848179864833569,394.19477077008247,431.0065152876982,1022.8139968431002,0.02725866969665272,45955.85979031642,864282.2074207002,59330.871154362096,32.998657881601396,8.071015633954168
2.1427613881588177,958.0080751484409,903.0191510827174,622.3079829757972,0.059837025556719756,50574.175132155724,407649.980398175,74797.07159301681,56.68739860648969,5.9558561772239065
2.929987839497054,58.912161369651116,979.1273180969152,482.948484575903,0.4486681419162155,60720.09005244775,89406.82019161974,71855.08689799102,2.0627283525424325,4.1256684810879305
3.9211800823439322,113.02732230698778,860.9660271940525,515.1538033463905,0.08094744867601279,42036.97005148079,265952.77886203,38623.05811520782,1.990655203924394,9.86372049250946
50.99885015100511,771.9914876852639,923.0075909514355,741.6502519957411,0.0524927677952937,25464.12473293711,62598.05509757754,36212.96971919673,16.055394172086572,11.028583194138173
2.087157287102279,572.8869804841423,247.12821936115748,1794.41355546269,0.029466522861931275,64212.95107896211,135668.96592190495,71062.94074135627,38.95648043762385,13.861716151393871
51.22441927977695,107.0193186900751,637.9922798300362,847.7916727178349,0.19996547497742967,13311.919605739979,1029292.924318038,17694.066079640554,19.067709752245374,2.952927043888153
4.848658813800267,84.98029390806128,952.9275813828165,856.9817529246234,0.054755406518028626,41792.95867583188,533291.8662066761,27724.004871692203,60.02745860486468,5.923171946790757
50.0104302928297,924.9449887470475,487.9927285349638,210.18579141767617,0.0,60811.98554768697,147048.95241928258,10003.120718902588,13.137142228467232,4.932679341617726
4.135660836388765,977.0735913945564,200.94357065260323,945.3746492039382,0.0699349891717391,43626.91963908526,510570.687303746,9639.200071878751,46.96654523199211,1.9461013727820116
2.024408202713042,416.9358054056536,359.16484874685494,1192.3347434149305,0.2468698996108762,56371.09060772056,128165.23714652547,45650.9566443573,6.900139860957325,0.13991690626573236
51.93669790304342,88.03016707060733,444.05943917705923,735.489866940942,0.1379568826397914,58376.041885839055,172438.04153630033,54381.122940502966,33.96301638211116,12.063965104527163
50.98582856927204,207.97975860242852,660.0835496177938,1178.675107930194,0.18123754624020166,43664.0446609975,796960.1127959482,31949.97079027201,34.294694122573894,5.842017479250613
0.9932954806466852,557.142193757112,213.03850994106014,806.4998414653251,0.17530942483334666,55184.96448587359,550613.1716823477,49485.85893070833,54.92967544099286,3.981661024726603
3.151514568928599,165.92592996396712,259.15204580725543,950.8478186803891,0.0,27354.04200558626,36281.81865050272,74292.81447839124,58.82255407550275,2.8922288057755714
4.151888435336727,277.04316573675516,326.0855447409728,531.599547732348,0.1324610549135425,14781.012770887446,746103.0311407343,3274.0348296582347,61.12237541110503,8.106049701854623
0.9278830941120818,236.10183737574272,619.9447671630662,1202.4383830872903,0.07691711392190462,14800.024609489592,110233.95985185585,68608.29192898804,42.08718621938268,12.100723219394125
5.192962419428744,470.0218586973121,539.0317183073126,460.34499817397466,0.07854671319338624,57014.910785278946,530623.926882319,93926.99537779062,33.090088784525776,14.014794734986724
50.95632214645736,481.84716207966625,456.0498258709027,529.6924802322532,0.15160546848351397,63162.00055942213,980794.9454336824,12210.993503363501,61.80211769541193,-0.013780593749697537
52.0407669307921,496.88407528426706,609.0575805837241,1361.6523270125765,0.14569790474822472,63651.97302366538,644889.1038650519,37711.01392989128,39.919082359099356,12.907367414419737
3.0454922361215897,857.9182020876356,673.141354027486,1028.2521467414188,0.0,60363.09667971231,86879.10169449475,19405.796846745085,10.973435077478014,1.851879829658359
0.940195167621297,700.9606759558018,397.13422619728254,541.9357474334984,0.08126762192920677,16651.945589257622,510119.0237123883,16041.022082190375,0.10731808854273782,2.032018042211858
52.09518889601626,865.0599117169396,824.9874798437822,840.82781132143,0.03917106209724147,61063.89989402894,1042584.8662595351,49625.932401089995,5.879550841720452,6.821529624560581
4.859861279595471,938.1198774309808,181.0231415350928,1221.9640931187719,0.27820853572898885,53612.943688832005,535244.0359154848,78883.82049282367,46.997467897681716,-0.12713033253305847
2.051152953609109,171.96591168019796,329.98319693491425,671.318766789824,0.081529773451685,61762.98629784687,594728.9271336645,98315.9067921335,31.877620185427094,12.047662474921085
3.0849747846940794,54.0027151129384,637.0740587890513,929.1230894707107,0.16044028114158523,59739.05945031806,717237.000402367,80171.95112207401,17.98992903117204,13.898207540640326
52.07207748754872,743.8443958277968,17.95471991022052,1120.063898564456,0.06278866087370626,28084.922841188618,318414.8330575248,7370.932898441176,55.02238678938805,3.9689637156772912
5.155459827242235,302.9619339080515,290.97659912298093,595.6486757307198,0.190158698364838,7507.906088757163,592889.9468083534,54863.09394906579,41.00032320857765,9.05373274801499
5.0007765963499935,18.06254937656029,325.0106489361112,612.4358255812701,0.24059093882550298,43040.07354399498,982580.9779666306,51953.076626939066,58.82824745829587,12.026375929560764
1.795171688783772,894.98165562255,536.0159217190642,787.2434525280977,0.12812566629737188,32849.906216544805,846200.0599614233,83655.10487668122,52.97681281995034,12.21584202879497
52.171307487444984,313.01387154507375,190.85413519625968,544.7164770294352,0.10015597337558772,43076.12851502412,860965.915089277,16575.877356943896,2.8957094097515417,5.072217796129937
2.9788691377266243,816.264453344706,827.051488218003,151.27845055411527,0.022369282111427042,64217.0396582442,620587.0367389375,37317.872405010006,34.05782552699588,4.050250867176285
3.96174583277968,347.9451389152883,160.80658468669859,435.8115310651322,0.027998098200155905,58241.842251721915,650093.894091773,43148.99969142617,12.02301536816612,1.028214812526428
50.91397743457722,912.9904897379843,73.96266939388704,832.100411287499,0.12483619624253732,60693.18466199765,113827.87120630608,61768.90319116917,40.92674847695481,4.075383070752547
2.868143001314275,242.83977379970742,407.9633198696927,1232.6559042040585,0.0,64493.02158660729,516754.06096463214,70678.88313735297,19.126570793985717,8.019522983393513
1.832579950829163,981.094068229797,736.8933615398435,698.8893240522249,0.094091257914184,65077.90396128966,626754.0499697453,17975.14218441864,12.12751851126762,6.780686133440585
3.0238926808699738,439.8970780600557,936.008807228579,1499.9879945567063,0.031645365285143855,58480.93103972656,144534.9356115129,56087.93102477701,13.8774314532972,1.1455243814372231
3.1165111454712466,406.20282780379546,545.875887040422,1277.6801680875694,0.03453681371554994,65486.112056581034,279818.8302343995,75956.00039583906,0.9761781178826684,-0.04168844681788804
49.95856274493107,475.94479682324703,851.8307214012066,538.7713889325526,0.0296019831784938,49842.10197445801,530201.1287106448,40498.832966509544,17.09037011712618,4.038764572209921
5.0445096277646915,525.9249176951106,664.032091749384,1066.0642153313004,0.11024318879393405,4834.050001699017,940100.9866276188,98231.90392657959,35.033888571677124,3.923164481505526
1.175153712255756,237.04339056167169,646.0469115575779,1022.2145624539933,0.31436526989815,25378.86772892935,884236.9646066551,65366.15052153451,7.8926228005118,4.905220200102699
2.0182897171116627,592.1761081427657,650.0561247945761,1541.7123233365378,0.0,61181.09876691365,32355.83438080321,87211.82034798317,22.018162107293584,13.89004572158697
4.906128670462901,18.910456552444458,897.942322907594,1068.393001309546,0.08962186701164981,50147.04530277832,901494.9855711145,1128.9059817902116,37.25052206081228,13.112316085452132
1.0290033230882638,387.9331858509965,266.8992483891473,1023.3246839004177,0.18047346537192,63309.132468977856,963862.9968171528,40911.011167383636,27.037137244607823,3.8998710105388583
4.931202863088612,740.8633072770435,915.9441495619488,431.59334412466296,0.15732635449796936,61304.93383444222,896444.8627619891,73353.18031168882,42.97716931213392,6.061593802144059
2.056938498528384,601.094777047166,238.88609933361195,813.9060138832322,0.11562749521228255,13411.039187739309,889824.9175594371,3902.926257945626,46.027061218802395,10.91818747931815
51.914531678043076,657.0394878835266,938.936560205717,870.6337669112334,0.0,59568.17724126898,974286.0984387407,71094.95663625313,19.970402887809254,4.968667710914664
4.8484005527433345,914.1099472639144,311.97759183500415,596.024451791623,0.28973048377712934,55829.13984439648,116737.02710006658,93322.02654573625,5.737246951037198,0.9734197772686742
3.1087426227971404,419.9049981804444,828.9896575218268,789.8999432154638,0.26427129288560425,62844.13506609796,576208.9890551177,75206.19263864297,28.004560355358816,13.209793612306584
51.02612775620059,214.9962449939252,957.9550066762587,737.3175623150319,0.18732733003836985,7638.033568905356,447153.93653731886,11167.89415514799,51.88098037157349,6.889763822882643
5.067856412654922,597.1785741545419,281.90288027056545,772.1774322362587,0.03045004879607842,36047.952717262204,157029.06346836884,37869.96129451991,61.93716828784566,0.9941867926509101
50.93303654225557,820.8290508018998,101.05539386149076,1067.976421540611,0.10103733242072707,24365.208574296517,855541.9557092637,40325.041166049625,60.86412551256393,12.109578831383589
49.85148296372634,777.9739795248053,490.8575434630331,825.4345697009518,0.09829700245767573,23644.9301242738,836428.960335035,2204.1243787361227,34.00745184628443,1.9677051966233772
51.09868868096367,840.8283922404291,663.0351334848432,736.2017714783573,0.12413790555292087,42460.17532896896,4694.083412093545,64472.09725800782,42.145799666010724,6.91359504138506
51.109069280201425,895.0457297152805,777.1242306773031,905.6050407655008,0.26178378193381274,60714.82461745752,702608.8916836826,5631.013426848942,21.953237057171723,11.93336071277351
0.9158439962224192,935.0961409290283,703.1341610081872,1442.4368551122166,0.0,2598.2005177451088,579896.949901602,1454.8877651824725,10.067670461146886,12.836758047734916
1.1204264601767628,770.9695795582841,79.98667518189502,968.3846756233104,0.0,21781.825116140048,497926.0895541916,6067.023518220826,55.984261647971984,2.0186128096420792
50.01935921931602,259.98088816111596,544.7384458922799,1234.7072616151945,0.3313790362219753,62026.95523612384,346989.9958875121,3550.035553701534,15.959493752867877,4.103755513303219
1.9880649975490166,698.7961062461227,849.0228512115858,1253.8291126865831,0.032749202706923386,60571.004412150316,984130.9843111972,69071.034889928,12.052104813175005,3.2411581164118033
50.92024294842834,324.8242115357876,153.09454667889273,1442.435352853834,0.0,63116.95674064661,502610.0266567408,85549.07005239771,13.924931104941107,12.127967499396059
50.06831918128618,709.1029015559428,150.00598811490357,630.0141528914055,0.0,55280.03057422472,1012571.0050501002,78230.21907685025,44.99395990889094,8.788969107035156
50.059545289646216,930.0550427740798,132.99461592452766,981.9834963525878,0.11769543906963705,65519.87493723919,66201.92072008774,89756.9428827779,51.084834913854024,7.114427741907769
5.053534519685481,302.10115632484315,454.0072301073158,1157.141703188859,0.0,62380.103952380225,856690.0177460138,5.951343253188336,55.94309827017715,3.0049875719757324
51.780296828226675,231.83490059988566,657.9746520998461,942.2785406171238,0.1686730552066933,31153.879695607182,57802.93996208502,29722.82782758532,54.948286929241235,10.054397178592607
51.95989497530103,995.8602244361659,75.88010468258831,1107.127169399374,0.06231442545112812,62115.09685769023,844355.1832601823,80051.93653580055,43.03363193064868,9.921027555750888
4.018527887077208,354.87632127566803,839.0326003498552,1218.487372043087,0.09301399623642653,53679.06406695361,778609.9852762353,72355.0166108885,14.142893193750277,2.738723132740479
52.01660854387406,199.07819644825116,937.0852285093202,689.1132732850006,0.0,7284.088666087899,590438.9778210341,75912.03817235777,39.92274245580225,1.0862987186274342
0.8526750285132693,212.0778399656051,618.962416618453,836.4680993378449,0.29927570199105447,11929.842266236601,538207.0243600274,55103.93136306449,31.02261615076951,11.97479390835059
1.0525459482171073,213.0707644294151,316.9506690722575,560.2194722583772,0.4355334747599012,4023.914934297999,633536.8677542171,41400.98496405442,47.99798949141361,3.0544418632579204
52.10843394312116,461.90625336681603,627.0081502395853,1028.1457842967384,0.09533598015030526,18298.91082313082,398036.1876186424,2247.062795989666,16.93335464416536,3.9031165736985263
4.823207224119776,462.0959365589202,951.9268169074762,823.8068812794337,0.19539738526315245,634.954163808482,450972.722467913,55535.87820640361,19.179242438711547,14.008213505058434
1.0178202690244194,465.9991214790224,330.20390560847864,785.6849961917248,0.0197035037816414,65136.13088409042,497165.04158469226,85687.9149347888,33.91156246155228,6.993629751161743
49.90130825664054,970.0866888258797,700.0865129463187,794.1611323672663,0.0,63958.013260807515,441919.7412386629,85181.01767446724,11.967649942131748,10.194373218108254
50.01725194689403,302.1635482532218,523.0037336402753,1499.9115850314545,0.0,62965.93786339601,18780.865135041746,8660.918026896521,0.9865746100423404,2.159960004304352
3.892817449192023,886.9738479155167,275.92226866933333,1282.8593324462154,0.06117217590527008,62641.97033548679,1026456.9834068272,78610.98728615775,23.946858599517785,6.936942814421027
2.006177469317943,440.0372445892047,390.9843791196397,509.1687036969929,0.02959895497768747,23402.927275386755,44989.06538523911,49855.94211147603,56.94188763903273,2.026598737315627
51.0022745622593,570.9284685270846,273.9832086724916,1039.7083991577301,0.09831851098016794,63658.00445173766,783413.0558081012,77000.85565222535,17.08165411860652,2.8887500116703877
51.183073269390654,668.9346229492294,99.10650426721261,1286.8278336373407,0.06503109466418569,2940.0610617144935,471807.99294334534,76587.15519541543,9.112432179284138,9.782336748366022
4.117474497646906,363.0064930609028,958.9453331406601,473.0853849775442,0.04202602904346128,64958.06876286143,792134.9613414266,55268.8457916482,12.979932054265591,13.831933590190898
52.171562171907546,987.9601926396215,975.9702349512396,1058.958362601382,0.4837867929073886,57321.11676116196,6162.991808796167,19585.96940200875,44.950773802219445,7.229312100079257
2.9193986304998187,968.915158154187,261.0704406283082,540.530642946686,0.033049140937068275,8382.008744110442,186868.9865772704,17359.126041017706,47.98385977075687,1.8951941819568339
49.808702556809514,195.12952607671957,919.977176113601,913.512573379563,0.11982704460744484,13628.985231496621,57770.89403640096,69139.91962306971,61.09931862785981,13.014086991682591
0.8646446234307781,954.9981942422124,924.1453020030233,874.6008170673285,0.0,63288.97081797099,859864.1264487606,96205.04262410206,3.0327845658283588,3.1346654153465643
2.9081361252956057,184.06074062688583,995.0247503778819,1233.075508698022,0.2247711279638091,51682.0455329734,158538.93222732068,3454.96403836118,47.971401303968484,12.930053087884575
51.01149728095177,767.0182531037707,866.0355575286732,1023.152753241255,0.13202757540000243,12634.941053333636,205337.97943071084,66333.01734459511,21.968994242872373,4.881769644018887
5.171718429247923,900.0324693331733,988.9525456599042,481.5981486562998,0.16144674079743654,33182.96421641674,786959.9271795083,19483.935791354506,20.968295234310695,1.8780998570874368
4.996842187368823,426.9963985863958,300.08566796735516,1055.5980293108262,0.0,800.0128637871325,692749.0321335895,64559.1133772534,39.039618446274375,4.11730685320242
52.04660447366548,874.1047494318909,568.1719634332487,1116.1417165221874,0.2660499279850713,28468.144612464857,431965.080996692,68869.08286013025,36.00977778828676,13.05810526691404
51.09289009957622,558.9860394496154,846.843411467133,889.1149692431558,0.0006552226780192627,37375.03640621286,349060.10071865213,20955.043821017607,54.895051368186735,10.937839020751998
0.9553295432105908,406.0386712276325,136.9395323897343,1488.4396791253143,0.0,49045.02570825194,390068.88931032026,69806.84085925846,17.050642846260985,1.9300429559304568
5.016265689566494,291.9003592634672,477.7116594350466,1214.0878596031234,0.0,64412.039592305766,755946.9951974845,62077.90846290064,60.996543533457334,1.0779185995359049
50.89255785775962,287.0450682491069,748.0174672330363,781.4936521939343,0.05238416318480575,7045.952579745125,352867.9311258058,34298.04113073248,41.991650024328635,5.876062677502456
1.7957572595842832,993.056502204869,443.8281202630049,497.3963010376033,0.007905413532820385,31416.966663871488,882170.8307906763,23645.676197897814,2.004556244585146,2.8766460532144857
3.028592946110036,168.98425578575674,475.0159895965853,572.5827658927867,0.05448253840530067,4723.04989627704,962114.0208289175,67384.98007703686,34.83401492868168,13.757222980259868
3.008814812338454,585.947319753229,30.98095492793992,583.7311744608342,0.0,5813.892305125837,295042.8423907612,17230.134854193937,41.87537684576215,8.93415315110635
52.0212448295995,19.938173378838975,674.9068070509263,573.2851202117657,0.13882142333954073,3937.990005992068,32174.979915107553,97555.97738699065,0.9644160196684806,1.018608671979726
51.107066310975114,48.92602575558304,889.9313311198855,843.4103348622762,0.021858227376960734,49726.2729783131,181674.9695155034,58473.956720191774,37.97494916060148,0.9562136894424804
5.146924822951379,787.8849855694159,477.2519225534463,1226.8872790526414,0.007884608542325535,62805.836334438754,137836.95879075184,47964.17849490256,38.00423829561656,7.938026797960783
0.9955640463228409,699.0008459845316,768.9763026751183,1170.0134097253365,0.2909672574163018,3574.0368113692475,18361.001256703792,35797.995453329815,22.927746052664894,12.806681213838523
3.908746221848377,8.899626527050364,447.03284695950725,1122.672144522766,0.12497424257911201,60251.07052384055,713347.9260239174,72323.01005842631,6.958767051570526,5.044979796782859
3.925485236931676,734.8537331062988,834.1544047555045,759.5021066013874,0.17681463997858463,62814.0320851056,429223.1294129954,26163.001431560446,30.014287208123335,1.9589917179371092
50.84116043797758,154.9860976458673,276.9750965190618,1330.0494819318665,0.14424624379779244,7943.090165153677,77087.89156821798,82642.03943086129,54.04076168549193,1.149516592946854
1.1697364369654837,430.9467288703921,909.968868381296,590.5100617337102,0.0,6705.009368335646,889856.207268879,53744.95975695788,48.12667859419251,3.98422826606541
3.8921346689445775,14.960195811893174,375.23879198504534,1324.6946223816058,0.10769093220619097,26373.041360945488,291946.0218597897,16447.809941485757,5.886951228682261,7.029063679235957
5.017261956645017,140.10435677871303,51.967277034103645,1446.1105029530647,0.0912811673794494,65350.0287964314,1006182.0320568429,39386.91485841074,25.989466051317507,10.949003712447482
51.837094826923554,223.95613164718193,778.0560699198264,334.02279538632285,0.0,10917.107543443497,392653.020145804,75088.9669511347,17.933977177023316,6.918471255325843
5.023842103718858,945.1727990958984,273.09024043158166,741.6611141930615,0.5154585000837147,12939.132853058483,527281.9992809909,61472.062264721724,19.82417169351645,0.9955976946794233
4.972695713774388,365.84683744066047,67.06679178196566,373.807748250806,0.001871485664834499,63270.05129946059,529895.9614361157,84083.87253616181,34.0115696935684,9.84753425162299
3.8417365792980456,686.9922630490108,493.00590156889774,1042.4354764510952,0.026199709748372352,30020.993471642112,471425.9626344585,56232.974879240275,42.89040873130402,6.959705804121575
49.904367855949324,671.0922893268817,317.0558892461714,911.0260799081439,0.0,23260.21477876551,412942.15529306507,89617.121219105,32.9439503277971,13.955961541465705
1.9123938041962878,80.06027080821889,932.1857103100825,556.14907303759,0.08342496699928664,38166.1087858602,784514.0832273475,24524.82597985203,42.948954574157455,6.989658161177938
1.036676094588771,89.06948308244695,186.93566719565564,343.3427835716838,0.27312079291665226,1843.9674879066392,509626.84243723797,67970.0905438083,38.967066614984724,13.970076766666631
3.070528535153179,923.999645092824,868.8923536674511,1157.9020243738005,0.0,26092.059441635993,71941.94179930667,97905.01757149638,0.09316648124324703,12.01707836138681
50.03314436300881,857.9334566775351,313.9764226276329,585.579582692089,0.21677530020152666,10412.170285296452,564935.0179365259,47475.73863974435,24.910851126997887,0.09049636241067716
50.99883511787465,163.96430349247947,429.97470408707403,1134.6453337615742,0.06950584940332218,61364.95966806969,185102.1226357325,5311.022684721383,46.78320556684173,13.982111820697368
50.03145089684505,953.9409347978454,426.15534342255455,1538.7451952157714,0.16237694120257298,62254.970344219655,713304.2797456183,62814.90702294181,57.94320063117842,13.153223300524228
3.9112760316598236,969.9834566325827,750.042130872283,1499.9618284239211,0.1723014173817374,16465.886838730137,134606.93002809412,83750.0190808147,26.266348763029683,12.129302738881375
4.016792113468807,704.0523505177883,828.0817375532599,730.897308447643,0.0,19143.071419851025,210153.9239854655,63594.10394218361,20.90335480604716,10.98563209669302
3.9839563296123632,479.90746224832964,649.0843325924671,875.1509829728034,0.004363546668394877,60870.02185292666,770569.048034047,47800.86614698839,5.86637858700327,8.957596734072265
2.980307025699317,962.8715181905686,212.84297071338463,808.3159662409624,0.16092562582171824,64304.04341457385,334936.96997253795,77413.95480336687,28.032366058900777,6.892612050399783
4.019408637097154,520.0141261268103,379.05764341653355,531.8584559495705,0.014960412004587254,2314.9334035023035,718111.0397116973,36745.04352491401,61.03548680793993,4.889748795431233
4.867994621931933,687.1264809395477,947.8524317790203,1231.6233078653277,0.029247855824433306,48889.01934264093,211474.037692963,80989.78027089495,24.96236054168721,7.928529160237564
49.85794425620188,631.9041630999029,454.96163268131477,466.0281824004088,0.0,12696.93883961434,396907.12044401007,30624.97420212009,57.862879345982286,14.074569498750616
51.077990888519835,308.1831956481276,666.0898805509639,587.9725550487094,0.1392125197734537,19815.101088945816,676541.9519002938,46972.18394886459,5.17080420792595,5.027863682163342
4.9451326386849885,74.95787870222162,492.90330881123657,753.3680064207621,0.031126853194568527,20043.970771479926,1048.994160234916,87594.85489362254,3.086979612671056,0.012997966738109169
3.0730724818771726,362.1705632028883,208.94184280432387,780.1989946841768,0.11508402074475169,64326.128605177466,617541.9519207987,54419.147788286034,24.856202218055717,10.005660359384887
50.98783101405653,430.8892377805006,543.0490498233116,635.8878375415558,0.13255212424968926,49411.15855254743,573094.9760163669,66085.06856577533,55.08249315847288,6.012209483944495
51.99489445228805,528.9336630569672,667.0145901686438,1178.2484553114703,0.009943611583386223,14692.028488725255,957580.0013239111,73927.96746764872,25.92486383586279,10.965684300170674
5.130755515615463,560.9577820920722,28.90069187839283,1149.5030844551482,0.2196665161547612,6573.152128378358,490250.8992867269,76287.12993128196,49.030983350839804,14.06611921060755
4.00568674079182,486.8964351562979,281.13243934525343,480.7425684361419,0.15010988322831056,31738.955738758083,501615.8691133884,24680.99657296146,13.880961833648207,3.9896436911090283
50.94256361506309,730.0120675466059,945.9517441434895,1315.289557583535,0.0882336920736966,64948.0780779807,103591.05358276576,37956.97717913088,5.062991328565729,5.114836418645012
51.954080572145074,965.0413265478255,539.1406007335212,459.8635383168759,0.2440993646217467,38413.004811450875,85615.13204060332,38289.9919656043,38.062136906661046,7.049185335901238
50.06018473003088,831.9397694559128,554.0417555926459,1003.9481096382966,0.18268926874509228,22820.82514149973,638588.0728497806,37830.94009117528,50.95233822005603,8.75385086959563
51.85785905372268,419.2068788327062,656.024283961484,1162.333935386728,0.16911836399979382,9436.844429189621,396680.8882220529,95730.0870410534,14.176153983531165,3.0770124903497247
0.9217368526145607,814.1160828047995,102.97036770017294,786.3875560358895,0.20159016243645814,8974.916411922664,857342.1606352442,94792.03918616814,8.961954007539596,0.9999497112604652
4.860607583998173,322.9716526149586,990.1195683900643,652.0467540363951,0.0,5746.149368164726,793826.0143013167,4860.942528352751,35.128597645809116,4.053623940485963
49.93031610300853,128.0924626158682,963.0924413239177,703.9089899153462,0.0,27180.955702878313,447166.1003346992,42287.984556594834,37.88562574487906,2.934591742639229
3.9791336341167027,515.9990173758423,266.01395771181456,1163.8677137677723,0.06364759121028349,33690.911854235506,818902.013126583,80659.97207779514,35.96559095454365,0.03326697111992202
2.95932817879803,12.16373043798112,92.03312868967416,941.8850851811471,0.0,39618.9774938709,161385.98576888183,38533.9562903666,37.91011316422189,13.09205529458716
4.866417699939117,977.0420696522511,500.0042772379997,714.2802123265911,0.13133851435836938,24561.983606519836,689009.0835604767,62906.802561566416,4.090549165155462,7.011622575696551
52.00526945200443,58.78948747795661,306.8673228361751,1049.1381187446782,0.0,61559.17350618031,710418.9078912911,5008.9952385357265,59.863247761605386,0.05758992701887819
3.0322404461443315,145.9845955384647,123.07108376728667,894.5650857243155,0.14303508394961714,53171.019093293704,742690.9546052732,20011.926506169802,28.099416950232474,6.005211077775384
52.01471683451196,551.092090016871,931.9951087388312,701.6976248927533,0.18424316281107,39621.01806029368,544611.0205570719,84860.99318758253,48.051226797806216,7.957499743217245
1.136610732965881,399.89032517474396,571.8604618874573,1389.192681674494,0.25800910393970766,65139.101035491825,294742.99868533545,27454.09822387708,0.890254281806477,12.116010528492868
1.0647147571152171,847.9794308752897,200.1337769765624,1042.095127948669,0.0,62646.044245936275,121700.8551543605,74823.04817781647,5.927490132485725,7.9825617747254
4.963263461621704,198.9697064193455,852.0627883289674,1077.923331330016,0.015439962410204948,11180.021879290203,851856.0469236781,2837.9117388782383,49.7737684191758,-0.1848675072004552
1.3166508380718684,548.0950209068475,80.02331347968254,928.2237513614554,0.04123155319532948,64097.0897882575,719744.985938985,78119.02370153778,19.106593061021197,0.021838403971215378
0.8635374624279026,686.9938664124619,894.8082731278378,342.3400136168015,0.0,37763.841945683234,194894.1908041759,78591.07829447858,29.96746881066713,4.976818658569647
0.9073671249025788,849.8467268483835,735.94414650982,903.6086075210609,0.1186681760926254,1806.9709935973342,1029825.0887563737,19417.106821660134,2.001930369507438,13.866718632815209
51.96204991915304,152.97084152009674,326.09609504944814,696.8938287507559,0.1326718093931597,61859.00813581966,963265.1357359448,83100.99342528818,7.029609770133514,2.8694744397156025
51.818919778163895,403.9223409554913,596.9504853149356,701.7555276747916,0.04003114692739655,46639.2334670934,166471.0406278877,19622.842859860095,34.10111391611221,1.8799782970821655
2.1495770495259827,571.892487572256,714.9735787109918,878.7616758777018,0.08472166313130527,30899.031750346414,312809.09563316294,20096.900170861085,38.06285788135002,3.107836686198972
51.88694294863936,28.06962002335879,42.95677069007624,1518.5104927035286,0.07358525725385287,64878.13860400758,563616.0125179976,30922.114886010135,36.76497410014569,3.018329277097305
2.9123604682849358,19.12428686036856,200.9100452698877,682.1252041380243,0.0,54769.07506311184,201664.16730850912,73809.96250568924,16.006052216358174,9.915786245737436
3.9966278993705027,229.93499531351264,687.0626386463181,727.4457321913096,0.0,63211.597906241426,714166.0495241717,49223.9825708191,52.078202829639054,13.915885351805521
4.032282449780935,258.8741741718347,685.8278112000067,577.4489898280945,0.07666396288921903,15858.817419685349,444647.94636976515,12788.16907776351,51.93256036132415,3.993452070251844
0.8817309108255887,991.1337461654032,978.9685694956197,906.9206772546778,0.10324508622398773,64732.9988199633,548390.1234933445,20765.99565810582,1.931821276356709,9.120069197028517
50.894117218717035,233.09626386243386,526.9403895075338,140.31000789934512,0.0,47801.06826573996,292248.1103069935,92530.14577146912,49.95649350866136,0.009644657654920915
1.008481059227362,597.0828501196011,550.121728280842,789.6012916894655,0.08181036359886792,36366.96014959194,466185.0686155593,90342.2022462856,42.02491153750892,3.112393489388298
2.00127183712944,71.1182916339636,688.0307010352701,1260.008836583569,0.12297977373820829,29375.027291276623,884093.9736592445,95287.81630776252,40.98445725481748,5.886387398816466
2.1278818712305414,122.99755256609254,107.9991352961601,1444.577047442997,0.13771267325831985,24879.936977252226,653973.9983295595,76968.97708733076,11.926551046193,0.053454520068422065
2.028037731872261,340.97922322140397,448.9401740784441,546.3844776562016,0.03312104741953069,3932.871819048022,363583.8930001539,33710.11504709654,55.03009872766528,9.032599673701894
5.030388895666288,425.08185199401424,688.0950578854385,1028.995779503825,0.07923457695157161,40643.12293152126,99599.03131904155,32735.91576586672,5.869286702286849,4.978924293413746
5.036474717888437,986.1059777575174,145.91036811225501,323.26841362306664,0.3133309729589792,21738.098620624056,238216.93129145302,9617.157064796425,60.021927812837774,1.0272669924451872
50.00809291517139,874.9550662839152,986.9944704899813,418.44258800722423,0.0,3689.068728968614,908108.9816619733,90727.25430369773,30.7623680774694,1.9035703899471708
50.88506016164143,801.1567596370595,139.01540628654584,208.92416711798631,0.24006379755124502,21251.9909914186,62157.04305529854,27314.014169323145,25.95357474706698,0.9853831374968068
2.00760468232132,139.96001433488283,880.0247321683574,234.88347773023182,0.018890861391703602,61403.075903708595,59621.93121351828,11218.940696093967,11.990168163315618,8.848578761086957
2.960836753579829,978.9316290151039,645.0447179276127,1154.792334349589,0.14724921119898912,19997.03582008499,56814.996248579744,40884.00990270434,29.062788335504763,1.9428138885878057
2.8630626777970445,649.9334826126208,874.9102043639551,439.6876718494432,0.13795116690817616,62321.96335523375,739026.0679360639,87084.94556799071,49.93543536266733,1.906437530636523
2.0076584579791468,115.90797388098976,847.967193004913,1161.6981651992978,0.0,61748.938413335745,865665.049751277,11952.75108472531,61.936413706447645,6.086581908268987
0.8943501617456603,667.9341842095337,89.9974075316813,875.7923677841812,0.0,64002.00003210853,949191.8372873253,38060.176983514844,30.960819352237916,4.089388281822407
4.0859878457411725,15.943940595259697,570.0900515723471,943.9072983192387,0.0,62210.9118835508,607647.9895138812,90450.98254973278,56.89301780778431,2.8958843057291723
3.9514609147637554,592.8094846153932,139.9473778202996,1071.0003041443993,0.03985579800970471,14714.09385372454,386867.9431788837,98303.98062247343,10.131280484271224,14.168125099506145
2.1006086026505204,664.0606290271933,586.9770283732497,1104.8104864278514,0.20323917638432615,42663.91749477476,279476.89910597046,60664.97475104336,22.07593024212289,5.906253693828084
49.93103749015647,173.86659421784768,558.05545138214,426.2443781705567,0.09700117599898302,14926.050400892154,57207.036373412986,86972.05913118752,41.06776695745899,10.114806474669338
4.0280093208233145,85.79088694383682,612.0047915694774,1251.741198936867,0.0,29493.182787583606,564274.0496648884,91277.85496927246,16.103791205683578,0.9460185779979968
4.985283228967486,738.1336574191911,475.01247312792225,987.0516479279984,0.2874780882793178,25118.15760897558,218417.01199356755,51897.89170440356,7.864359664510185,2.819123528072091
4.919162814779972,774.0904551804239,805.9556381336721,698.5083214437199,0.15522224758572842,41188.05270756591,791877.2761337778,93993.92585091759,2.9486990938769413,5.930544866675357
3.9764419706264515,972.1012301894388,45.80122975291578,587.9829813930547,0.11944141586529872,23770.10979395576,426491.9048034539,70897.92543650261,8.970545275035544,10.028657029713054
2.00193296557026,465.0619019013001,385.9935614623571,622.0719716405397,0.03546080056480953,570.1216804009681,54972.97254115927,55916.95621692667,38.933891151831425,2.9700442719758327
51.01994039270254,910.0169584915909,194.857721792138,1248.6188953225328,0.09022273016455089,54893.01063629415,781536.9647010972,65842.9829527702,37.74532630537694,-0.019373158850013086
51.85832902804168,115.88272318373964,866.0579892206102,897.5793826945531,0.0,61599.92155859928,113535.0130356351,18677.1563012107,13.003702349718521,6.052448224577116
52.047423120433976,644.9140595757319,986.9244900415281,675.3931496675505,0.19626806583993134,60922.85194470937,641844.212899127,54327.97970829655,33.057428591858084,7.964520764690033
3.9961487258607296,294.08050295858936,564.039186148996,1113.9448551349449,0.12204441813387815,57939.9608510741,419813.9738151278,86623.81011171167,19.164224594841837,2.9792388961831624
51.01868772273349,902.0034497323193,557.9615245615582,1151.448866443957,0.10410834030914869,65088.82641486065,235993.96879913993,15625.030777656953,59.97739255957536,7.992694590950413
0.9178758469440738,204.99574614287494,990.8880681193067,1348.1761055551906,0.0,17635.020658815014,748778.8755900755,3448.070594757425,23.989170223872485,6.936841195979483
50.864172966753856,291.8933225878808,877.1290389119066,630.1228715355796,0.0,53572.152684711764,905375.0301935408,26015.062853345175,3.144861048417864,5.984279251262143
0.9114872814695381,441.94711247783135,96.99371084090633,1293.1816531719971,0.01475155271302062,63139.00578122798,90005.0184987038,85367.08780817754,40.990166289705556,10.178867390462244
51.078205505801975,733.9169371097066,765.9262662031473,620.7580942876606,0.0858283345278634,60090.76994984431,832642.8719201798,94826.07157651443,13.850012803978354,0.10468494551021526
4.767301841501518,654.0908511282809,12.053369407096923,1042.7715651560507,0.4967856542437707,22208.904000243987,975322.8477107433,11056.12967045753,40.79293052431346,7.031514681810322
1.9607188870309276,434.04478392215026,461.1766444206441,853.1593349800594,0.24750712732593994,63895.90919422401,591951.8251536015,80015.98844722717,35.060734759706556,0.040015328765288155
2.1139412858491116,208.02995554884433,500.9076417862869,690.3463397214676,0.12150384736027396,20951.801979094278,104332.20858584388,18910.023326979408,30.02812882089471,10.178805440409175
3.9679745469098524,343.1090506740071,219.15288614907544,414.80849981395426,0.19099502357775824,38952.96729043352,855816.8562764201,67203.92701588642,26.860504459124037,3.087123193089632
4.991865397563081,630.0369561737044,715.0407339533435,718.5552468494604,0.0,60469.92826620928,63145.980182193765,94524.91531129768,25.96112975789489,10.158270061500458
