,flow ID, source IP, destination IP, source port, destination port, protocol, duration, fwd_packets, bwd_packets, PFCPHeartbeatRequest_counter, PFCPHeartbeatResponse_counter, PFCPPFDManagementRequest_counter, PFCPPFDManagementResponse_counter, PFCPAssociationSetupRequest_counter, PFCPAssociationSetupResponse_counter, PFCPAssociationUpdateRequest_counter, PFCPAssociationUpdateResponse_counter, PFCPAssociationReleaseRequest_counter, PFCPAssociationReleaseResponse_counter, PFCPVersionNotSupportedResponse_counter, PFCPNodeReportRequest_counter, PFCPNodeReportResponse_counter, PFCPSessionSetDeletionRequest_counter, PFCPSessionSetDeletionResponse_counter, PFCPSessionEstablishmentRequest_counter, PFCPSessionEstablishmentResponse_counter, PFCPSessionModificationRequest_counter, PFCPSessionModificationResponse_counter, PFCPSessionDeletionRequest_counter, PFCPSessionDeletionResponse_counter, PFCPSessionReportRequest_counter,PFCPSessionReportResponse_counter, Downlink_counter, Uplink_counter, Bidirectional_traffic_counter,Label
50,172.21.0.110-172.21.0.107-8805-8805,172.21.0.110,172.21.0.107,8805,8805,17,110013659,22,23,23,22,0,0,0,0,0,0,0,0,0,0,0,0,0,0,0,0,0,0,0,0,0,0,0,0,Normal
231,172.21.0.120-172.21.0.110-8805-8805,172.21.0.120,172.21.0.110,8805,8805,17,119928203,1598,1599,809,809,0,0,0,0,0,0,0,0,0,0,0,0,0,790,789,0,0,0,0,0,0,0,0,0,Mal_Estab
282,172.21.0.107-172.21.0.110-8805-8805,172.21.0.107,172.21.0.110,8805,8805,17,119800407,1071,1072,22,22,0,0,0,0,0,0,0,0,0,0,0,0,0,0,0,1050,1049,0,0,0,0,0,0,0,Normal
572,172.21.0.110-172.21.0.120-8805-8805,172.21.0.110,172.21.0.120,8805,8805,17,110013405,22,23,23,22,0,0,0,0,0,0,0,0,0,0,0,0,0,0,0,0,0,0,0,0,0,0,0,0,Mal_Mod
307,172.21.0.110-172.21.0.120-8805-8805,172.21.0.110,172.21.0.120,8805,8805,17,110013183,22,23,23,22,0,0,0,0,0,0,0,0,0,0,0,0,0,0,0,0,0,0,0,0,0,0,0,0,Mal_Mod
51,172.21.0.110-172.21.0.107-8805-8805,172.21.0.110,172.21.0.107,8805,8805,17,119801247,1053,23,22,22,0,0,0,0,0,0,0,0,0,0,0,0,0,0,0,0,1032,0,0,0,0,0,0,0,Normal
196,172.21.0.110-172.21.0.120-8805-8805,172.21.0.110,172.21.0.120,8805,8805,17,110012494,22,23,23,22,0,0,0,0,0,0,0,0,0,0,0,0,0,0,0,0,0,0,0,0,0,0,0,0,Mal_Del
30,172.21.0.110-172.21.0.107-8805-8805,172.21.0.110,172.21.0.107,8805,8805,17,119856829,1042,23,22,22,0,0,0,0,0,0,0,0,0,0,0,0,0,0,0,0,1021,0,0,0,0,0,0,0,Normal
598,172.21.0.110-172.21.0.120-8805-8805,172.21.0.110,172.21.0.120,8805,8805,17,110017017,22,23,23,22,0,0,0,0,0,0,0,0,0,0,0,0,0,0,0,0,0,0,0,0,0,0,0,0,Mal_Mod
517,172.21.0.107-172.21.0.110-8805-8805,172.21.0.107,172.21.0.110,8805,8805,17,119708070,684,1,0,0,0,0,0,0,0,0,0,0,0,0,0,0,0,0,0,0,0,0,0,0,0,0,0,0,Normal
333,172.21.0.120-172.21.0.110-8805-8805,172.21.0.120,172.21.0.110,8805,8805,17,119935534,1626,1627,824,824,0,0,0,0,0,0,0,0,0,0,0,0,0,803,802,0,0,0,0,0,0,0,0,0,Mal_Estab
387,172.21.0.110-172.21.0.120-8805-8805,172.21.0.110,172.21.0.120,8805,8805,17,118982783,511,512,268,267,0,0,0,0,0,0,0,0,0,0,0,0,0,244,244,0,0,0,0,0,0,0,0,0,Mal_Estab
203,172.21.0.120-172.21.0.110-8805-8805,172.21.0.120,172.21.0.110,8805,8805,17,119937829,1619,1620,820,820,0,0,0,0,0,0,0,0,0,0,0,0,0,800,799,0,0,0,0,0,0,0,0,0,Mal_Estab
328,172.21.0.110-172.21.0.120-8805-8805,172.21.0.110,172.21.0.120,8805,8805,17,110015048,22,23,23,22,0,0,0,0,0,0,0,0,0,0,0,0,0,0,0,0,0,0,0,0,0,0,0,0,Mal_Mod2
149,172.21.0.120-172.21.0.110-8805-8805,172.21.0.120,172.21.0.110,8805,8805,17,119953560,1612,1613,817,817,0,0,0,0,0,0,0,0,0,0,0,0,0,796,795,0,0,0,0,0,0,0,0,0,Mal_Estab
252,172.21.0.110-172.21.0.120-8805-8805,172.21.0.110,172.21.0.120,8805,8805,17,110015711,22,23,23,22,0,0,0,0,0,0,0,0,0,0,0,0,0,0,0,0,0,0,0,0,0,0,0,0,Mal_Mod
60,172.21.0.110-172.21.0.107-8805-8805,172.21.0.110,172.21.0.107,8805,8805,17,119940016,710,23,22,22,0,0,0,0,0,0,0,0,0,0,0,0,0,0,0,0,0,0,689,0,0,0,0,0,Normal
65,172.21.0.110-172.21.0.107-8805-8805,172.21.0.110,172.21.0.107,8805,8805,17,119835859,893,23,22,22,0,0,0,0,0,0,0,0,0,0,0,0,0,0,0,0,872,0,0,0,0,0,0,0,Normal
111,172.21.0.110-172.21.0.107-8805-8805,172.21.0.110,172.21.0.107,8805,8805,17,119727976,698,22,21,21,0,0,0,0,0,0,0,0,0,0,0,0,0,0,0,0,0,0,678,0,0,0,0,0,Normal
148,172.21.0.120-172.21.0.110-8805-8805,172.21.0.120,172.21.0.110,8805,8805,17,110017535,22,23,23,22,0,0,0,0,0,0,0,0,0,0,0,0,0,0,0,0,0,0,0,0,0,0,0,0,Mal_Mod2
370,172.21.0.120-172.21.0.110-8805-8805,172.21.0.120,172.21.0.110,8805,8805,17,119892611,1635,1636,830,829,0,0,0,0,0,0,0,0,0,0,0,0,0,806,806,0,0,0,0,0,0,0,0,0,Mal_Estab
176,172.21.0.120-172.21.0.110-8805-8805,172.21.0.120,172.21.0.110,8805,8805,17,119912842,1579,1580,800,800,0,0,0,0,0,0,0,0,0,0,0,0,0,780,779,0,0,0,0,0,0,0,0,0,Mal_Estab
293,172.21.0.110-172.21.0.107-8805-8805,172.21.0.110,172.21.0.107,8805,8805,17,110011622,22,23,23,22,0,0,0,0,0,0,0,0,0,0,0,0,0,0,0,0,0,0,0,0,0,0,0,0,Normal
421,172.21.0.110-172.21.0.120-8805-8805,172.21.0.110,172.21.0.120,8805,8805,17,110019177,22,23,23,22,0,0,0,0,0,0,0,0,0,0,0,0,0,0,0,0,0,0,0,0,0,0,0,0,Mal_Mod
480,172.21.0.110-172.21.0.120-8805-8805,172.21.0.110,172.21.0.120,8805,8805,17,110014005,22,23,23,22,0,0,0,0,0,0,0,0,0,0,0,0,0,0,0,0,0,0,0,0,0,0,0,0,Mal_Del
291,172.21.0.120-172.21.0.110-8805-8805,172.21.0.120,172.21.0.110,8805,8805,17,116128438,1574,1575,798,798,0,0,0,0,0,0,0,0,0,0,0,0,0,777,776,0,0,0,0,0,0,0,0,0,Mal_Estab
351,172.21.0.110-172.21.0.120-8805-8805,172.21.0.110,172.21.0.120,8805,8805,17,110013601,22,23,23,22,0,0,0,0,0,0,0,0,0,0,0,0,0,0,0,0,0,0,0,0,0,0,0,0,Mal_Del
357,172.21.0.120-172.21.0.110-8805-8805,172.21.0.120,172.21.0.110,8805,8805,17,119962482,1607,1608,816,815,0,0,0,0,0,0,0,0,0,0,0,0,0,792,792,0,0,0,0,0,0,0,0,0,Mal_Estab
595,172.21.0.110-172.21.0.120-8805-8805,172.21.0.110,172.21.0.120,8805,8805,17,110013954,22,23,23,22,0,0,0,0,0,0,0,0,0,0,0,0,0,0,0,0,0,0,0,0,0,0,0,0,Mal_Del
607,172.21.0.107-172.21.0.110-8805-8805,172.21.0.107,172.21.0.110,8805,8805,17,119842694,1031,1,0,0,0,0,0,0,0,0,0,0,0,0,0,0,0,0,0,1032,0,0,0,0,0,0,0,0,Normal
46,172.21.0.110-172.21.0.107-8805-8805,172.21.0.110,172.21.0.107,8805,8805,17,110013029,22,23,23,22,0,0,0,0,0,0,0,0,0,0,0,0,0,0,0,0,0,0,0,0,0,0,0,0,Normal
311,172.21.0.110-172.21.0.120-8805-8805,172.21.0.110,172.21.0.120,8805,8805,17,110013842,22,23,23,22,0,0,0,0,0,0,0,0,0,0,0,0,0,0,0,0,0,0,0,0,0,0,0,0,Mal_Mod2
211,172.21.0.110-172.21.0.120-8805-8805,172.21.0.110,172.21.0.120,8805,8805,17,110016757,22,23,23,22,0,0,0,0,0,0,0,0,0,0,0,0,0,0,0,0,0,0,0,0,0,0,0,0,Mal_Mod2
81,172.21.0.110-172.21.0.107-8805-8805,172.21.0.110,172.21.0.107,8805,8805,17,119912414,1048,22,21,21,0,0,0,0,0,0,0,0,0,0,0,0,0,0,0,0,1028,0,0,0,0,0,0,0,Normal
449,172.21.0.110-172.21.0.120-8805-8805,172.21.0.110,172.21.0.120,8805,8805,17,110013137,22,23,23,22,0,0,0,0,0,0,0,0,0,0,0,0,0,0,0,0,0,0,0,0,0,0,0,0,Mal_Del
346,172.21.0.110-172.21.0.120-8805-8805,172.21.0.110,172.21.0.120,8805,8805,17,99011498,20,21,21,20,0,0,0,0,0,0,0,0,0,0,0,0,0,0,0,0,0,0,0,0,0,0,0,0,Mal_Del
213,172.21.0.120-172.21.0.110-8805-8805,172.21.0.120,172.21.0.110,8805,8805,17,119957250,1618,1619,821,820,0,0,0,0,0,0,0,0,0,0,0,0,0,798,798,0,0,0,0,0,0,0,0,0,Mal_Estab
250,172.21.0.110-172.21.0.120-8805-8805,172.21.0.110,172.21.0.120,8805,8805,17,110018541,22,23,23,22,0,0,0,0,0,0,0,0,0,0,0,0,0,0,0,0,0,0,0,0,0,0,0,0,Mal_Mod2
240,172.21.0.120-172.21.0.110-8805-8805,172.21.0.120,172.21.0.110,8805,8805,17,110015977,22,23,23,22,0,0,0,0,0,0,0,0,0,0,0,0,0,0,0,0,0,0,0,0,0,0,0,0,Mal_Mod
318,172.21.0.110-172.21.0.120-8805-8805,172.21.0.110,172.21.0.120,8805,8805,17,110012707,22,23,23,22,0,0,0,0,0,0,0,0,0,0,0,0,0,0,0,0,0,0,0,0,0,0,0,0,Mal_Mod
122,172.21.0.120-172.21.0.110-8805-8805,172.21.0.120,172.21.0.110,8805,8805,17,119936352,1627,1630,826,825,0,0,0,0,0,0,0,0,0,0,0,0,0,803,803,0,0,0,0,0,0,0,0,0,Mal_Estab
162,172.21.0.120-172.21.0.110-8805-8805,172.21.0.120,172.21.0.110,8805,8805,17,119938887,1588,1589,805,805,0,0,0,0,0,0,0,0,0,0,0,0,0,784,783,0,0,0,0,0,0,0,0,0,Mal_Estab
146,172.21.0.110-172.21.0.120-8805-8805,172.21.0.110,172.21.0.120,8805,8805,17,99013008,20,21,21,20,0,0,0,0,0,0,0,0,0,0,0,0,0,0,0,0,0,0,0,0,0,0,0,0,Mal_Del
610,172.21.0.110-172.21.0.120-8805-8805,172.21.0.110,172.21.0.120,8805,8805,17,110014811,22,23,23,22,0,0,0,0,0,0,0,0,0,0,0,0,0,0,0,0,0,0,0,0,0,0,0,0,Mal_Mod
270,172.21.0.107-172.21.0.110-8805-8805,172.21.0.107,172.21.0.110,8805,8805,17,119964742,709,710,22,22,0,0,0,0,0,0,0,0,0,0,0,0,0,0,0,0,0,0,687,0,0,0,0,0,Normal
347,172.21.0.110-172.21.0.120-8805-8805,172.21.0.110,172.21.0.120,8805,8805,17,110013814,22,23,23,22,0,0,0,0,0,0,0,0,0,0,0,0,0,0,0,0,0,0,0,0,0,0,0,0,Mal_Mod2
239,172.21.0.107-172.21.0.110-8805-8805,172.21.0.107,172.21.0.110,8805,8805,17,119947960,1054,1055,21,21,0,0,0,0,0,0,0,0,0,0,0,0,0,0,0,1034,1033,0,0,0,0,0,0,0,Normal
585,172.21.0.110-172.21.0.120-8805-8805,172.21.0.110,172.21.0.120,8805,8805,17,110011912,22,23,23,22,0,0,0,0,0,0,0,0,0,0,0,0,0,0,0,0,0,0,0,0,0,0,0,0,Mal_Mod2
277,172.21.0.120-172.21.0.110-8805-8805,172.21.0.120,172.21.0.110,8805,8805,17,119947037,1614,1615,818,818,0,0,0,0,0,0,0,0,0,0,0,0,0,797,796,0,0,0,0,0,0,0,0,0,Mal_Estab
362,172.21.0.107-172.21.0.110-8805-8805,172.21.0.107,172.21.0.110,8805,8805,17,119863887,934,935,22,22,0,0,0,0,0,0,0,0,0,0,0,0,0,0,0,913,912,0,0,0,0,0,0,0,Normal
432,172.21.0.110-172.21.0.120-8805-8805,172.21.0.110,172.21.0.120,8805,8805,17,110013085,22,23,23,22,0,0,0,0,0,0,0,0,0,0,0,0,0,0,0,0,0,0,0,0,0,0,0,0,Mal_Mod2
193,172.21.0.110-172.21.0.120-8805-8805,172.21.0.110,172.21.0.120,8805,8805,17,110015154,22,23,23,22,0,0,0,0,0,0,0,0,0,0,0,0,0,0,0,0,0,0,0,0,0,0,0,0,Mal_Mod2
635,172.21.0.110-172.21.0.120-8805-8805,172.21.0.110,172.21.0.120,8805,8805,17,110016033,22,23,23,22,0,0,0,0,0,0,0,0,0,0,0,0,0,0,0,0,0,0,0,0,0,0,0,0,Mal_Mod
292,172.21.0.110-172.21.0.120-8805-8805,172.21.0.110,172.21.0.120,8805,8805,17,99016106,20,21,21,20,0,0,0,0,0,0,0,0,0,0,0,0,0,0,0,0,0,0,0,0,0,0,0,0,Mal_Mod2
158,172.21.0.120-172.21.0.110-8805-8805,172.21.0.120,172.21.0.110,8805,8805,17,119900861,1635,1636,830,829,0,0,0,0,0,0,0,0,0,0,0,0,0,806,806,0,0,0,0,0,0,0,0,0,Mal_Estab
281,172.21.0.110-172.21.0.120-8805-8805,172.21.0.110,172.21.0.120,8805,8805,17,110014420,22,23,23,22,0,0,0,0,0,0,0,0,0,0,0,0,0,0,0,0,0,0,0,0,0,0,0,0,Mal_Del
362,172.21.0.107-172.21.0.110-8805-8805,172.21.0.107,172.21.0.110,8805,8805,17,119863887,934,935,22,22,0,0,0,0,0,0,0,0,0,0,0,0,0,0,0,913,912,0,0,0,0,0,0,0,Normal
195,172.21.0.120-172.21.0.110-8805-8805,172.21.0.120,172.21.0.110,8805,8805,17,119910055,1617,1618,819,819,0,0,0,0,0,0,0,0,0,0,0,0,0,799,798,0,0,0,0,0,0,0,0,0,Mal_Estab
216,172.21.0.120-172.21.0.110-8805-8805,172.21.0.120,172.21.0.110,8805,8805,17,119923993,1617,1618,819,819,0,0,0,0,0,0,0,0,0,0,0,0,0,799,798,0,0,0,0,0,0,0,0,0,Mal_Estab
385,172.21.0.110-172.21.0.120-8805-8805,172.21.0.110,172.21.0.120,8805,8805,17,110012381,22,23,23,22,0,0,0,0,0,0,0,0,0,0,0,0,0,0,0,0,0,0,0,0,0,0,0,0,Mal_Del
392,172.21.0.110-172.21.0.120-8805-8805,172.21.0.110,172.21.0.120,8805,8805,17,471,2,3,3,2,0,0,0,0,0,0,0,0,0,0,0,0,0,0,0,0,0,0,0,0,0,0,0,0,Mal_Mod
204,172.21.0.120-172.21.0.110-8805-8805,172.21.0.120,172.21.0.110,8805,8805,17,119974810,1597,1600,811,810,0,0,0,0,0,0,0,0,0,0,0,0,0,788,788,0,0,0,0,0,0,0,0,0,Mal_Estab
423,172.21.0.110-172.21.0.120-8805-8805,172.21.0.110,172.21.0.120,8805,8805,17,110017046,22,23,23,22,0,0,0,0,0,0,0,0,0,0,0,0,0,0,0,0,0,0,0,0,0,0,0,0,Mal_Mod
645,172.21.0.107-172.21.0.110-8805-8805,172.21.0.107,172.21.0.110,8805,8805,17,119823548,1044,1,0,0,0,0,0,0,0,0,0,0,0,0,0,0,0,0,0,1045,0,0,0,0,0,0,0,0,Normal
344,172.21.0.110-172.21.0.120-8805-8805,172.21.0.110,172.21.0.120,8805,8805,17,110014880,22,23,23,22,0,0,0,0,0,0,0,0,0,0,0,0,0,0,0,0,0,0,0,0,0,0,0,0,Mal_Mod
426,172.21.0.110-172.21.0.120-8805-8805,172.21.0.110,172.21.0.120,8805,8805,17,110015640,22,23,23,22,0,0,0,0,0,0,0,0,0,0,0,0,0,0,0,0,0,0,0,0,0,0,0,0,Mal_Mod
118,172.21.0.110-172.21.0.107-8805-8805,172.21.0.110,172.21.0.107,8805,8805,17,119855405,705,23,22,22,0,0,0,0,0,0,0,0,0,0,0,0,0,0,0,0,0,0,684,0,0,0,0,0,Normal
339,172.21.0.110-172.21.0.120-8805-8805,172.21.0.110,172.21.0.120,8805,8805,17,110013029,22,23,23,22,0,0,0,0,0,0,0,0,0,0,0,0,0,0,0,0,0,0,0,0,0,0,0,0,Mal_Mod2
189,172.21.0.110-172.21.0.120-8805-8805,172.21.0.110,172.21.0.120,8805,8805,17,110016806,22,23,23,22,0,0,0,0,0,0,0,0,0,0,0,0,0,0,0,0,0,0,0,0,0,0,0,0,Mal_Mod2
308,172.21.0.120-172.21.0.110-8805-8805,172.21.0.120,172.21.0.110,8805,8805,17,119909139,1635,1636,828,828,0,0,0,0,0,0,0,0,0,0,0,0,0,808,807,0,0,0,0,0,0,0,0,0,Mal_Estab
401,172.21.0.120-172.21.0.110-8805-8805,172.21.0.120,172.21.0.110,8805,8805,17,110011564,22,23,23,22,0,0,0,0,0,0,0,0,0,0,0,0,0,0,0,0,0,0,0,0,0,0,0,0,Mal_Del
290,172.21.0.120-172.21.0.110-8805-8805,172.21.0.120,172.21.0.110,8805,8805,17,119863949,1610,1611,816,816,0,0,0,0,0,0,0,0,0,0,0,0,0,795,794,0,0,0,0,0,0,0,0,0,Mal_Estab
511,172.21.0.110-172.21.0.120-8805-8805,172.21.0.110,172.21.0.120,8805,8805,17,110012382,22,23,23,22,0,0,0,0,0,0,0,0,0,0,0,0,0,0,0,0,0,0,0,0,0,0,0,0,Mal_Mod
458,172.21.0.110-172.21.0.120-8805-8805,172.21.0.110,172.21.0.120,8805,8805,17,110015263,22,23,23,22,0,0,0,0,0,0,0,0,0,0,0,0,0,0,0,0,0,0,0,0,0,0,0,0,Mal_Mod2
348,172.21.0.110-172.21.0.120-8805-8805,172.21.0.110,172.21.0.120,8805,8805,17,110014303,22,23,23,22,0,0,0,0,0,0,0,0,0,0,0,0,0,0,0,0,0,0,0,0,0,0,0,0,Mal_Mod2
415,172.21.0.110-172.21.0.120-8805-8805,172.21.0.110,172.21.0.120,8805,8805,17,110013224,22,23,23,22,0,0,0,0,0,0,0,0,0,0,0,0,0,0,0,0,0,0,0,0,0,0,0,0,Mal_Del
220,172.21.0.110-172.21.0.107-8805-8805,172.21.0.110,172.21.0.107,8805,8805,17,99010187,20,21,21,20,0,0,0,0,0,0,0,0,0,0,0,0,0,0,0,0,0,0,0,0,0,0,0,0,Normal
474,172.21.0.110-172.21.0.120-8805-8805,172.21.0.110,172.21.0.120,8805,8805,17,110012842,22,23,23,22,0,0,0,0,0,0,0,0,0,0,0,0,0,0,0,0,0,0,0,0,0,0,0,0,Mal_Del
333,172.21.0.107-172.21.0.110-8805-8805,172.21.0.107,172.21.0.110,8805,8805,17,119808888,708,709,22,22,0,0,0,0,0,0,0,0,0,0,0,0,0,0,0,0,0,0,686,0,0,0,0,0,Normal
394,172.21.0.110-172.21.0.120-8805-8805,172.21.0.110,172.21.0.120,8805,8805,17,110010731,22,23,23,22,0,0,0,0,0,0,0,0,0,0,0,0,0,0,0,0,0,0,0,0,0,0,0,0,Mal_Mod
89,172.21.0.110-172.21.0.107-8805-8805,172.21.0.110,172.21.0.107,8805,8805,17,119887961,931,23,22,22,0,0,0,0,0,0,0,0,0,0,0,0,0,0,0,0,910,0,0,0,0,0,0,0,Normal
256,172.21.0.110-172.21.0.120-8805-8805,172.21.0.110,172.21.0.120,8805,8805,17,110013241,22,23,23,22,0,0,0,0,0,0,0,0,0,0,0,0,0,0,0,0,0,0,0,0,0,0,0,0,Mal_Mod
265,172.21.0.110-172.21.0.120-8805-8805,172.21.0.110,172.21.0.120,8805,8805,17,110014589,22,23,23,22,0,0,0,0,0,0,0,0,0,0,0,0,0,0,0,0,0,0,0,0,0,0,0,0,Mal_Mod2
397,172.21.0.110-172.21.0.120-8805-8805,172.21.0.110,172.21.0.120,8805,8805,17,110014042,22,23,23,22,0,0,0,0,0,0,0,0,0,0,0,0,0,0,0,0,0,0,0,0,0,0,0,0,Mal_Mod2
367,172.21.0.120-172.21.0.110-8805-8805,172.21.0.120,172.21.0.110,8805,8805,17,119937907,1628,1629,825,825,0,0,0,0,0,0,0,0,0,0,0,0,0,804,803,0,0,0,0,0,0,0,0,0,Mal_Estab
437,172.21.0.107-172.21.0.110-8805-8805,172.21.0.107,172.21.0.110,8805,8805,17,119952781,1021,1,0,0,0,0,0,0,0,0,0,0,0,0,0,0,0,0,0,1022,0,0,0,0,0,0,0,0,Normal
14,172.21.0.110-172.21.0.107-8805-8805,172.21.0.110,172.21.0.107,8805,8805,17,119852590,644,23,22,22,0,0,0,0,0,0,0,0,0,0,0,0,0,0,0,0,0,0,623,0,0,0,0,0,Normal
379,172.21.0.120-172.21.0.110-8805-8805,172.21.0.120,172.21.0.110,8805,8805,17,119842864,1645,1646,833,833,0,0,0,0,0,0,0,0,0,0,0,0,0,813,812,0,0,0,0,0,0,0,0,0,Mal_Estab
60,172.21.0.110-172.21.0.107-8805-8805,172.21.0.110,172.21.0.107,8805,8805,17,119874923,1063,23,22,22,0,0,0,0,0,0,0,0,0,0,0,0,0,0,0,0,1042,0,0,0,0,0,0,0,Normal
126,172.21.0.120-172.21.0.110-8805-8805,172.21.0.120,172.21.0.110,8805,8805,17,119899752,1630,1631,827,826,0,0,0,0,0,0,0,0,0,0,0,0,0,804,804,0,0,0,0,0,0,0,0,0,Mal_Estab
316,172.21.0.110-172.21.0.120-8805-8805,172.21.0.110,172.21.0.120,8805,8805,17,99013943,20,21,21,20,0,0,0,0,0,0,0,0,0,0,0,0,0,0,0,0,0,0,0,0,0,0,0,0,Mal_Mod
558,172.21.0.110-172.21.0.120-8805-8805,172.21.0.110,172.21.0.120,8805,8805,17,110011363,22,23,23,22,0,0,0,0,0,0,0,0,0,0,0,0,0,0,0,0,0,0,0,0,0,0,0,0,Mal_Mod
170,172.21.0.120-172.21.0.110-8805-8805,172.21.0.120,172.21.0.110,8805,8805,17,119928060,1615,1616,820,819,0,0,0,0,0,0,0,0,0,0,0,0,0,796,796,0,0,0,0,0,0,0,0,0,Mal_Estab
596,172.21.0.107-172.21.0.110-8805-8805,172.21.0.107,172.21.0.110,8805,8805,17,119811347,1060,1,0,0,0,0,0,0,0,0,0,0,0,0,0,0,0,0,0,1061,0,0,0,0,0,0,0,0,Normal
463,172.21.0.110-172.21.0.120-8805-8805,172.21.0.110,172.21.0.120,8805,8805,17,110016900,22,23,23,22,0,0,0,0,0,0,0,0,0,0,0,0,0,0,0,0,0,0,0,0,0,0,0,0,Mal_Mod
582,172.21.0.107-172.21.0.110-8805-8805,172.21.0.107,172.21.0.110,8805,8805,17,119771990,923,1,0,0,0,0,0,0,0,0,0,0,0,0,0,0,0,0,0,924,0,0,0,0,0,0,0,0,Normal
392,172.21.0.110-172.21.0.120-8805-8805,172.21.0.110,172.21.0.120,8805,8805,17,110012178,22,23,23,22,0,0,0,0,0,0,0,0,0,0,0,0,0,0,0,0,0,0,0,0,0,0,0,0,Mal_Mod2
377,172.21.0.110-172.21.0.120-8805-8805,172.21.0.110,172.21.0.120,8805,8805,17,99012503,20,21,21,20,0,0,0,0,0,0,0,0,0,0,0,0,0,0,0,0,0,0,0,0,0,0,0,0,Mal_Del
296,172.21.0.110-172.21.0.120-8805-8805,172.21.0.110,172.21.0.120,8805,8805,17,110012643,22,23,23,22,0,0,0,0,0,0,0,0,0,0,0,0,0,0,0,0,0,0,0,0,0,0,0,0,Mal_Del
253,172.21.0.120-172.21.0.110-8805-8805,172.21.0.120,172.21.0.110,8805,8805,17,119869795,1620,1621,821,821,0,0,0,0,0,0,0,0,0,0,0,0,0,800,799,0,0,0,0,0,0,0,0,0,Mal_Estab
614,172.21.0.110-172.21.0.120-8805-8805,172.21.0.110,172.21.0.120,8805,8805,17,110013341,22,23,23,22,0,0,0,0,0,0,0,0,0,0,0,0,0,0,0,0,0,0,0,0,0,0,0,0,Mal_Del
168,172.21.0.110-172.21.0.120-8805-8805,172.21.0.110,172.21.0.120,8805,8805,17,110028171,22,23,23,22,0,0,0,0,0,0,0,0,0,0,0,0,0,0,0,0,0,0,0,0,0,0,0,0,Mal_Mod2
109,172.21.0.110-172.21.0.107-8805-8805,172.21.0.110,172.21.0.107,8805,8805,17,110012722,22,23,23,22,0,0,0,0,0,0,0,0,0,0,0,0,0,0,0,0,0,0,0,0,0,0,0,0,Normal
595,172.21.0.110-172.21.0.120-8805-8805,172.21.0.110,172.21.0.120,8805,8805,17,110012816,22,23,23,22,0,0,0,0,0,0,0,0,0,0,0,0,0,0,0,0,0,0,0,0,0,0,0,0,Mal_Mod2
460,172.21.0.110-172.21.0.120-8805-8805,172.21.0.110,172.21.0.120,8805,8805,17,110012459,22,23,23,22,0,0,0,0,0,0,0,0,0,0,0,0,0,0,0,0,0,0,0,0,0,0,0,0,Mal_Del
559,172.21.0.107-172.21.0.110-8805-8805,172.21.0.107,172.21.0.110,8805,8805,17,119899705,1056,1,0,0,0,0,0,0,0,0,0,0,0,0,0,0,0,0,0,1057,0,0,0,0,0,0,0,0,Normal
57,172.21.0.110-172.21.0.107-8805-8805,172.21.0.110,172.21.0.107,8805,8805,17,110011445,22,23,23,22,0,0,0,0,0,0,0,0,0,0,0,0,0,0,0,0,0,0,0,0,0,0,0,0,Normal
362,172.21.0.110-172.21.0.120-8805-8805,172.21.0.110,172.21.0.120,8805,8805,17,110060283,22,23,23,22,0,0,0,0,0,0,0,0,0,0,0,0,0,0,0,0,0,0,0,0,0,0,0,0,Mal_Mod2
584,172.21.0.110-172.21.0.120-8805-8805,172.21.0.110,172.21.0.120,8805,8805,17,110013781,22,23,23,22,0,0,0,0,0,0,0,0,0,0,0,0,0,0,0,0,0,0,0,0,0,0,0,0,Mal_Mod2
144,172.21.0.110-172.21.0.107-8805-8805,172.21.0.110,172.21.0.107,8805,8805,17,110013010,22,23,23,22,0,0,0,0,0,0,0,0,0,0,0,0,0,0,0,0,0,0,0,0,0,0,0,0,Normal
173,172.21.0.120-172.21.0.110-8805-8805,172.21.0.120,172.21.0.110,8805,8805,17,119856637,1615,1616,820,819,0,0,0,0,0,0,0,0,0,0,0,0,0,796,796,0,0,0,0,0,0,0,0,0,Mal_Estab
559,172.21.0.107-172.21.0.110-8805-8805,172.21.0.107,172.21.0.110,8805,8805,17,119899705,1056,1,0,0,0,0,0,0,0,0,0,0,0,0,0,0,0,0,0,1057,0,0,0,0,0,0,0,0,Normal
197,172.21.0.107-172.21.0.110-8805-8805,172.21.0.107,172.21.0.110,8805,8805,17,119876634,702,703,21,21,0,0,0,0,0,0,0,0,0,0,0,0,0,0,0,0,0,0,681,0,0,0,0,0,Normal
175,172.21.0.110-172.21.0.120-8805-8805,172.21.0.110,172.21.0.120,8805,8805,17,110016700,22,23,23,22,0,0,0,0,0,0,0,0,0,0,0,0,0,0,0,0,0,0,0,0,0,0,0,0,Mal_Mod
558,172.21.0.110-172.21.0.120-8805-8805,172.21.0.110,172.21.0.120,8805,8805,17,110019047,22,23,23,22,0,0,0,0,0,0,0,0,0,0,0,0,0,0,0,0,0,0,0,0,0,0,0,0,Mal_Mod2
14,172.21.0.110-172.21.0.107-8805-8805,172.21.0.110,172.21.0.107,8805,8805,17,119854611,1043,23,22,22,0,0,0,0,0,0,0,0,0,0,0,0,0,0,0,0,1022,0,0,0,0,0,0,0,Normal
379,172.21.0.110-172.21.0.120-8805-8805,172.21.0.110,172.21.0.120,8805,8805,17,99011464,20,21,21,20,0,0,0,0,0,0,0,0,0,0,0,0,0,0,0,0,0,0,0,0,0,0,0,0,Mal_Mod2
406,172.21.0.107-172.21.0.110-8805-8805,172.21.0.107,172.21.0.110,8805,8805,17,119888895,1019,1,0,0,0,0,0,0,0,0,0,0,0,0,0,0,0,0,0,1020,0,0,0,0,0,0,0,0,Normal
588,172.21.0.107-172.21.0.110-8805-8805,172.21.0.107,172.21.0.110,8805,8805,17,119727601,689,1,0,0,0,0,0,0,0,0,0,0,0,0,0,0,0,0,0,0,0,0,0,0,0,0,0,0,Normal
391,172.21.0.120-172.21.0.110-8805-8805,172.21.0.120,172.21.0.110,8805,8805,17,119914093,1617,1618,819,819,0,0,0,0,0,0,0,0,0,0,0,0,0,799,798,0,0,0,0,0,0,0,0,0,Mal_Estab
176,172.21.0.110-172.21.0.120-8805-8805,172.21.0.110,172.21.0.120,8805,8805,17,110012129,22,23,23,22,0,0,0,0,0,0,0,0,0,0,0,0,0,0,0,0,0,0,0,0,0,0,0,0,Mal_Del
168,172.21.0.110-172.21.0.107-8805-8805,172.21.0.110,172.21.0.107,8805,8805,17,110013037,22,23,23,22,0,0,0,0,0,0,0,0,0,0,0,0,0,0,0,0,0,0,0,0,0,0,0,0,Normal
209,172.21.0.110-172.21.0.120-8805-8805,172.21.0.110,172.21.0.120,8805,8805,17,110013464,22,23,23,22,0,0,0,0,0,0,0,0,0,0,0,0,0,0,0,0,0,0,0,0,0,0,0,0,Mal_Del
210,172.21.0.120-172.21.0.110-8805-8805,172.21.0.120,172.21.0.110,8805,8805,17,110016907,22,23,23,22,0,0,0,0,0,0,0,0,0,0,0,0,0,0,0,0,0,0,0,0,0,0,0,0,Mal_Mod
293,172.21.0.107-172.21.0.110-8805-8805,172.21.0.107,172.21.0.110,8805,8805,17,119916281,705,706,22,22,0,0,0,0,0,0,0,0,0,0,0,0,0,0,0,0,0,0,683,0,0,0,0,0,Normal
348,172.21.0.120-172.21.0.110-8805-8805,172.21.0.120,172.21.0.110,8805,8805,17,119855367,1541,1542,783,782,0,0,0,0,0,0,0,0,0,0,0,0,0,759,759,0,0,0,0,0,0,0,0,0,Mal_Estab
182,172.21.0.120-172.21.0.110-8805-8805,172.21.0.120,172.21.0.110,8805,8805,17,119948932,1605,1606,813,813,0,0,0,0,0,0,0,0,0,0,0,0,0,793,792,0,0,0,0,0,0,0,0,0,Mal_Estab
600,172.21.0.107-172.21.0.110-8805-8805,172.21.0.107,172.21.0.110,8805,8805,17,119939740,1055,1,0,0,0,0,0,0,0,0,0,0,0,0,0,0,0,0,0,1056,0,0,0,0,0,0,0,0,Normal
383,172.21.0.120-172.21.0.110-8805-8805,172.21.0.120,172.21.0.110,8805,8805,17,119958071,1611,1612,816,816,0,0,0,0,0,0,0,0,0,0,0,0,0,796,795,0,0,0,0,0,0,0,0,0,Mal_Estab
155,172.21.0.120-172.21.0.110-8805-8805,172.21.0.120,172.21.0.110,8805,8805,17,119900821,1606,1607,814,814,0,0,0,0,0,0,0,0,0,0,0,0,0,793,792,0,0,0,0,0,0,0,0,0,Mal_Estab
441,172.21.0.110-172.21.0.120-8805-8805,172.21.0.110,172.21.0.120,8805,8805,17,110011370,22,23,23,22,0,0,0,0,0,0,0,0,0,0,0,0,0,0,0,0,0,0,0,0,0,0,0,0,Mal_Del
230,172.21.0.107-172.21.0.110-8805-8805,172.21.0.107,172.21.0.110,8805,8805,17,119867460,945,946,22,22,0,0,0,0,0,0,0,0,0,0,0,0,0,0,0,924,923,0,0,0,0,0,0,0,Normal
562,172.21.0.120-172.21.0.110-8805-8805,172.21.0.120,172.21.0.110,8805,8805,17,110013062,22,23,23,22,0,0,0,0,0,0,0,0,0,0,0,0,0,0,0,0,0,0,0,0,0,0,0,0,Mal_Mod2
406,172.21.0.110-172.21.0.120-8805-8805,172.21.0.110,172.21.0.120,8805,8805,17,110015982,22,23,23,22,0,0,0,0,0,0,0,0,0,0,0,0,0,0,0,0,0,0,0,0,0,0,0,0,Mal_Mod2
210,172.21.0.110-172.21.0.120-8805-8805,172.21.0.110,172.21.0.120,8805,8805,17,99014625,20,21,21,20,0,0,0,0,0,0,0,0,0,0,0,0,0,0,0,0,0,0,0,0,0,0,0,0,Mal_Mod2
409,172.21.0.110-172.21.0.120-8805-8805,172.21.0.110,172.21.0.120,8805,8805,17,110019376,22,23,23,22,0,0,0,0,0,0,0,0,0,0,0,0,0,0,0,0,0,0,0,0,0,0,0,0,Mal_Mod
230,172.21.0.110-172.21.0.120-8805-8805,172.21.0.110,172.21.0.120,8805,8805,17,110012127,22,23,23,22,0,0,0,0,0,0,0,0,0,0,0,0,0,0,0,0,0,0,0,0,0,0,0,0,Mal_Del
265,172.21.0.120-172.21.0.110-8805-8805,172.21.0.120,172.21.0.110,8805,8805,17,119921303,1598,1599,810,810,0,0,0,0,0,0,0,0,0,0,0,0,0,789,788,0,0,0,0,0,0,0,0,0,Mal_Estab
378,172.21.0.120-172.21.0.110-8805-8805,172.21.0.120,172.21.0.110,8805,8805,17,119975663,1625,1628,825,824,0,0,0,0,0,0,0,0,0,0,0,0,0,802,802,0,0,0,0,0,0,0,0,0,Mal_Estab
431,172.21.0.110-172.21.0.120-8805-8805,172.21.0.110,172.21.0.120,8805,8805,17,110017160,22,23,23,22,0,0,0,0,0,0,0,0,0,0,0,0,0,0,0,0,0,0,0,0,0,0,0,0,Mal_Mod
297,172.21.0.120-172.21.0.110-8805-8805,172.21.0.120,172.21.0.110,8805,8805,17,119977638,1626,1627,824,824,0,0,0,0,0,0,0,0,0,0,0,0,0,803,802,0,0,0,0,0,0,0,0,0,Mal_Estab
200,172.21.0.110-172.21.0.120-8805-8805,172.21.0.110,172.21.0.120,8805,8805,17,110015234,22,23,23,22,0,0,0,0,0,0,0,0,0,0,0,0,0,0,0,0,0,0,0,0,0,0,0,0,Mal_Mod
101,172.21.0.110-172.21.0.107-8805-8805,172.21.0.110,172.21.0.107,8805,8805,17,119887182,1044,23,22,22,0,0,0,0,0,0,0,0,0,0,0,0,0,0,0,0,1023,0,0,0,0,0,0,0,Normal
150,172.21.0.110-172.21.0.120-8805-8805,172.21.0.110,172.21.0.120,8805,8805,17,110014015,22,23,23,22,0,0,0,0,0,0,0,0,0,0,0,0,0,0,0,0,0,0,0,0,0,0,0,0,Mal_Del
414,172.21.0.110-172.21.0.120-8805-8805,172.21.0.110,172.21.0.120,8805,8805,17,110013617,22,23,23,22,0,0,0,0,0,0,0,0,0,0,0,0,0,0,0,0,0,0,0,0,0,0,0,0,Mal_Del
152,172.21.0.110-172.21.0.120-8805-8805,172.21.0.110,172.21.0.120,8805,8805,17,110012702,22,23,23,22,0,0,0,0,0,0,0,0,0,0,0,0,0,0,0,0,0,0,0,0,0,0,0,0,Mal_Del
251,172.21.0.110-172.21.0.120-8805-8805,172.21.0.110,172.21.0.120,8805,8805,17,110011053,22,23,23,22,0,0,0,0,0,0,0,0,0,0,0,0,0,0,0,0,0,0,0,0,0,0,0,0,Mal_Mod
391,172.21.0.110-172.21.0.120-8805-8805,172.21.0.110,172.21.0.120,8805,8805,17,110014766,22,23,23,22,0,0,0,0,0,0,0,0,0,0,0,0,0,0,0,0,0,0,0,0,0,0,0,0,Mal_Mod
463,172.21.0.110-172.21.0.120-8805-8805,172.21.0.110,172.21.0.120,8805,8805,17,99013962,20,21,21,20,0,0,0,0,0,0,0,0,0,0,0,0,0,0,0,0,0,0,0,0,0,0,0,0,Mal_Mod2
213,172.21.0.110-172.21.0.120-8805-8805,172.21.0.110,172.21.0.120,8805,8805,17,110015222,22,23,23,22,0,0,0,0,0,0,0,0,0,0,0,0,0,0,0,0,0,0,0,0,0,0,0,0,Mal_Mod
239,172.21.0.120-172.21.0.110-8805-8805,172.21.0.120,172.21.0.110,8805,8805,17,119928130,1626,1627,824,824,0,0,0,0,0,0,0,0,0,0,0,0,0,803,802,0,0,0,0,0,0,0,0,0,Mal_Estab
313,172.21.0.110-172.21.0.120-8805-8805,172.21.0.110,172.21.0.120,8805,8805,17,110014681,22,23,23,22,0,0,0,0,0,0,0,0,0,0,0,0,0,0,0,0,0,0,0,0,0,0,0,0,Mal_Mod2
320,172.21.0.120-172.21.0.110-8805-8805,172.21.0.120,172.21.0.110,8805,8805,17,110015943,22,23,23,22,0,0,0,0,0,0,0,0,0,0,0,0,0,0,0,0,0,0,0,0,0,0,0,0,Mal_Mod
385,172.21.0.120-172.21.0.110-8805-8805,172.21.0.120,172.21.0.110,8805,8805,17,119915073,1587,1588,806,805,0,0,0,0,0,0,0,0,0,0,0,0,0,782,782,0,0,0,0,0,0,0,0,0,Mal_Estab
90,172.21.0.110-172.21.0.107-8805-8805,172.21.0.110,172.21.0.107,8805,8805,17,119636357,645,23,22,22,0,0,0,0,0,0,0,0,0,0,0,0,0,0,0,0,0,0,624,0,0,0,0,0,Normal
218,172.21.0.120-172.21.0.110-8805-8805,172.21.0.120,172.21.0.110,8805,8805,17,119894735,1615,1616,818,818,0,0,0,0,0,0,0,0,0,0,0,0,0,798,797,0,0,0,0,0,0,0,0,0,Mal_Estab
454,172.21.0.110-172.21.0.120-8805-8805,172.21.0.110,172.21.0.120,8805,8805,17,110021053,22,23,23,22,0,0,0,0,0,0,0,0,0,0,0,0,0,0,0,0,0,0,0,0,0,0,0,0,Mal_Mod2
353,172.21.0.120-172.21.0.110-8805-8805,172.21.0.120,172.21.0.110,8805,8805,17,119962200,1624,1625,823,823,0,0,0,0,0,0,0,0,0,0,0,0,0,802,801,0,0,0,0,0,0,0,0,0,Mal_Estab
591,172.21.0.110-172.21.0.120-8805-8805,172.21.0.110,172.21.0.120,8805,8805,17,110013860,22,23,23,22,0,0,0,0,0,0,0,0,0,0,0,0,0,0,0,0,0,0,0,0,0,0,0,0,Mal_Mod
539,172.21.0.120-172.21.0.110-8805-8805,172.21.0.120,172.21.0.110,8805,8805,17,110015562,22,23,23,22,0,0,0,0,0,0,0,0,0,0,0,0,0,0,0,0,0,0,0,0,0,0,0,0,Mal_Mod2
447,172.21.0.110-172.21.0.120-8805-8805,172.21.0.110,172.21.0.120,8805,8805,17,110014007,22,23,23,22,0,0,0,0,0,0,0,0,0,0,0,0,0,0,0,0,0,0,0,0,0,0,0,0,Mal_Del
176,172.21.0.110-172.21.0.120-8805-8805,172.21.0.110,172.21.0.120,8805,8805,17,99010318,20,21,21,20,0,0,0,0,0,0,0,0,0,0,0,0,0,0,0,0,0,0,0,0,0,0,0,0,Mal_Mod
339,172.21.0.110-172.21.0.120-8805-8805,172.21.0.110,172.21.0.120,8805,8805,17,110017316,22,23,23,22,0,0,0,0,0,0,0,0,0,0,0,0,0,0,0,0,0,0,0,0,0,0,0,0,Mal_Mod
264,172.21.0.107-172.21.0.110-8805-8805,172.21.0.107,172.21.0.110,8805,8805,17,119876091,707,708,22,22,0,0,0,0,0,0,0,0,0,0,0,0,0,0,0,0,0,0,685,0,0,0,0,0,Normal
313,172.21.0.110-172.21.0.120-8805-8805,172.21.0.110,172.21.0.120,8805,8805,17,110013648,22,23,23,22,0,0,0,0,0,0,0,0,0,0,0,0,0,0,0,0,0,0,0,0,0,0,0,0,Mal_Del
354,172.21.0.107-172.21.0.110-8805-8805,172.21.0.107,172.21.0.110,8805,8805,17,119860542,1045,1046,22,22,0,0,0,0,0,0,0,0,0,0,0,0,0,0,0,1024,1023,0,0,0,0,0,0,0,Normal
560,172.21.0.110-172.21.0.120-8805-8805,172.21.0.110,172.21.0.120,8805,8805,17,110015559,22,23,23,22,0,0,0,0,0,0,0,0,0,0,0,0,0,0,0,0,0,0,0,0,0,0,0,0,Mal_Mod
189,172.21.0.120-172.21.0.110-8805-8805,172.21.0.120,172.21.0.110,8805,8805,17,119932289,1623,1624,824,823,0,0,0,0,0,0,0,0,0,0,0,0,0,800,800,0,0,0,0,0,0,0,0,0,Mal_Estab
284,172.21.0.110-172.21.0.120-8805-8805,172.21.0.110,172.21.0.120,8805,8805,17,110018035,22,23,23,22,0,0,0,0,0,0,0,0,0,0,0,0,0,0,0,0,0,0,0,0,0,0,0,0,Mal_Mod
303,172.21.0.110-172.21.0.120-8805-8805,172.21.0.110,172.21.0.120,8805,8805,17,110012822,22,23,23,22,0,0,0,0,0,0,0,0,0,0,0,0,0,0,0,0,0,0,0,0,0,0,0,0,Mal_Del
382,172.21.0.110-172.21.0.120-8805-8805,172.21.0.110,172.21.0.120,8805,8805,17,110013060,22,23,23,22,0,0,0,0,0,0,0,0,0,0,0,0,0,0,0,0,0,0,0,0,0,0,0,0,Mal_Del
514,172.21.0.110-172.21.0.120-8805-8805,172.21.0.110,172.21.0.120,8805,8805,17,110011764,22,23,23,22,0,0,0,0,0,0,0,0,0,0,0,0,0,0,0,0,0,0,0,0,0,0,0,0,Mal_Mod
480,172.21.0.110-172.21.0.120-8805-8805,172.21.0.110,172.21.0.120,8805,8805,17,110016834,22,23,23,22,0,0,0,0,0,0,0,0,0,0,0,0,0,0,0,0,0,0,0,0,0,0,0,0,Mal_Mod2
202,172.21.0.107-172.21.0.110-8805-8805,172.21.0.107,172.21.0.110,8805,8805,17,119893914,959,960,22,22,0,0,0,0,0,0,0,0,0,0,0,0,0,0,0,938,937,0,0,0,0,0,0,0,Normal
390,172.21.0.110-172.21.0.120-8805-8805,172.21.0.110,172.21.0.120,8805,8805,17,110013651,22,23,23,22,0,0,0,0,0,0,0,0,0,0,0,0,0,0,0,0,0,0,0,0,0,0,0,0,Mal_Del
301,172.21.0.110-172.21.0.120-8805-8805,172.21.0.110,172.21.0.120,8805,8805,17,110016332,22,23,23,22,0,0,0,0,0,0,0,0,0,0,0,0,0,0,0,0,0,0,0,0,0,0,0,0,Mal_Mod2
370,172.21.0.110-172.21.0.120-8805-8805,172.21.0.110,172.21.0.120,8805,8805,17,99010781,20,21,21,20,0,0,0,0,0,0,0,0,0,0,0,0,0,0,0,0,0,0,0,0,0,0,0,0,Mal_Del
328,172.21.0.110-172.21.0.120-8805-8805,172.21.0.110,172.21.0.120,8805,8805,17,110012034,22,23,23,22,0,0,0,0,0,0,0,0,0,0,0,0,0,0,0,0,0,0,0,0,0,0,0,0,Mal_Del
560,172.21.0.110-172.21.0.120-8805-8805,172.21.0.110,172.21.0.120,8805,8805,17,110012752,22,23,23,22,0,0,0,0,0,0,0,0,0,0,0,0,0,0,0,0,0,0,0,0,0,0,0,0,Mal_Del
410,172.21.0.110-172.21.0.120-8805-8805,172.21.0.110,172.21.0.120,8805,8805,17,110012607,22,23,23,22,0,0,0,0,0,0,0,0,0,0,0,0,0,0,0,0,0,0,0,0,0,0,0,0,Mal_Del
379,172.21.0.120-172.21.0.110-8805-8805,172.21.0.120,172.21.0.110,8805,8805,17,110014497,22,23,23,22,0,0,0,0,0,0,0,0,0,0,0,0,0,0,0,0,0,0,0,0,0,0,0,0,Mal_Mod
344,172.21.0.110-172.21.0.120-8805-8805,172.21.0.110,172.21.0.120,8805,8805,17,110012902,22,23,23,22,0,0,0,0,0,0,0,0,0,0,0,0,0,0,0,0,0,0,0,0,0,0,0,0,Mal_Del
140,172.21.0.110-172.21.0.120-8805-8805,172.21.0.110,172.21.0.120,8805,8805,17,110013184,22,23,23,22,0,0,0,0,0,0,0,0,0,0,0,0,0,0,0,0,0,0,0,0,0,0,0,0,Mal_Mod2
247,172.21.0.110-172.21.0.120-8805-8805,172.21.0.110,172.21.0.120,8805,8805,17,110013506,22,23,23,22,0,0,0,0,0,0,0,0,0,0,0,0,0,0,0,0,0,0,0,0,0,0,0,0,Mal_Del
125,172.21.0.120-172.21.0.110-8805-8805,172.21.0.120,172.21.0.110,8805,8805,17,119880410,1622,1623,822,822,0,0,0,0,0,0,0,0,0,0,0,0,0,801,800,0,0,0,0,0,0,0,0,0,Mal_Estab
630,172.21.0.107-172.21.0.110-8805-8805,172.21.0.107,172.21.0.110,8805,8805,17,119877089,1037,1,0,0,0,0,0,0,0,0,0,0,0,0,0,0,0,0,0,1038,0,0,0,0,0,0,0,0,Normal
164,172.21.0.110-172.21.0.120-8805-8805,172.21.0.110,172.21.0.120,8805,8805,17,110013140,22,23,23,22,0,0,0,0,0,0,0,0,0,0,0,0,0,0,0,0,0,0,0,0,0,0,0,0,Mal_Del
646,172.21.0.110-172.21.0.120-8805-8805,172.21.0.110,172.21.0.120,8805,8805,17,110013771,22,23,23,22,0,0,0,0,0,0,0,0,0,0,0,0,0,0,0,0,0,0,0,0,0,0,0,0,Mal_Mod
346,172.21.0.110-172.21.0.120-8805-8805,172.21.0.110,172.21.0.120,8805,8805,17,110015020,22,23,23,22,0,0,0,0,0,0,0,0,0,0,0,0,0,0,0,0,0,0,0,0,0,0,0,0,Mal_Mod
222,172.21.0.110-172.21.0.120-8805-8805,172.21.0.110,172.21.0.120,8805,8805,17,110010888,22,23,23,22,0,0,0,0,0,0,0,0,0,0,0,0,0,0,0,0,0,0,0,0,0,0,0,0,Mal_Del
321,172.21.0.120-172.21.0.110-8805-8805,172.21.0.120,172.21.0.110,8805,8805,17,119883471,1612,1613,817,817,0,0,0,0,0,0,0,0,0,0,0,0,0,796,795,0,0,0,0,0,0,0,0,0,Mal_Estab
190,172.21.0.110-172.21.0.120-8805-8805,172.21.0.110,172.21.0.120,8805,8805,17,110012637,22,23,23,22,0,0,0,0,0,0,0,0,0,0,0,0,0,0,0,0,0,0,0,0,0,0,0,0,Mal_Del
281,172.21.0.120-172.21.0.110-8805-8805,172.21.0.120,172.21.0.110,8805,8805,17,119911566,1520,1521,771,771,0,0,0,0,0,0,0,0,0,0,0,0,0,750,749,0,0,0,0,0,0,0,0,0,Mal_Estab
528,172.21.0.110-172.21.0.120-8805-8805,172.21.0.110,172.21.0.120,8805,8805,17,110011550,22,23,23,22,0,0,0,0,0,0,0,0,0,0,0,0,0,0,0,0,0,0,0,0,0,0,0,0,Mal_Del
202,172.21.0.107-172.21.0.110-8805-8805,172.21.0.107,172.21.0.110,8805,8805,17,119893914,959,960,22,22,0,0,0,0,0,0,0,0,0,0,0,0,0,0,0,938,937,0,0,0,0,0,0,0,Normal
551,172.21.0.110-172.21.0.120-8805-8805,172.21.0.110,172.21.0.120,8805,8805,17,110016186,22,23,23,22,0,0,0,0,0,0,0,0,0,0,0,0,0,0,0,0,0,0,0,0,0,0,0,0,Mal_Mod
568,172.21.0.110-172.21.0.120-8805-8805,172.21.0.110,172.21.0.120,8805,8805,17,110013530,22,23,23,22,0,0,0,0,0,0,0,0,0,0,0,0,0,0,0,0,0,0,0,0,0,0,0,0,Mal_Mod
207,172.21.0.120-172.21.0.110-8805-8805,172.21.0.120,172.21.0.110,8805,8805,17,119963211,1599,1600,810,810,0,0,0,0,0,0,0,0,0,0,0,0,0,790,789,0,0,0,0,0,0,0,0,0,Mal_Estab
356,172.21.0.120-172.21.0.110-8805-8805,172.21.0.120,172.21.0.110,8805,8805,17,119961383,1605,1606,815,814,0,0,0,0,0,0,0,0,0,0,0,0,0,791,791,0,0,0,0,0,0,0,0,0,Mal_Estab
583,172.21.0.120-172.21.0.110-8805-8805,172.21.0.120,172.21.0.110,8805,8805,17,110016086,22,23,23,22,0,0,0,0,0,0,0,0,0,0,0,0,0,0,0,0,0,0,0,0,0,0,0,0,Mal_Mod
353,172.21.0.110-172.21.0.120-8805-8805,172.21.0.110,172.21.0.120,8805,8805,17,110015344,22,23,23,22,0,0,0,0,0,0,0,0,0,0,0,0,0,0,0,0,0,0,0,0,0,0,0,0,Mal_Mod
306,172.21.0.110-172.21.0.120-8805-8805,172.21.0.110,172.21.0.120,8805,8805,17,110011670,22,23,23,22,0,0,0,0,0,0,0,0,0,0,0,0,0,0,0,0,0,0,0,0,0,0,0,0,Mal_Del
396,172.21.0.110-172.21.0.120-8805-8805,172.21.0.110,172.21.0.120,8805,8805,17,110015597,22,23,23,22,0,0,0,0,0,0,0,0,0,0,0,0,0,0,0,0,0,0,0,0,0,0,0,0,Mal_Mod2
199,172.21.0.120-172.21.0.110-8805-8805,172.21.0.120,172.21.0.110,8805,8805,17,119869294,1568,1569,795,795,0,0,0,0,0,0,0,0,0,0,0,0,0,774,773,0,0,0,0,0,0,0,0,0,Mal_Estab
555,172.21.0.110-172.21.0.120-8805-8805,172.21.0.110,172.21.0.120,8805,8805,17,110015074,22,23,23,22,0,0,0,0,0,0,0,0,0,0,0,0,0,0,0,0,0,0,0,0,0,0,0,0,Mal_Mod2
308,172.21.0.110-172.21.0.120-8805-8805,172.21.0.110,172.21.0.120,8805,8805,17,110017424,22,23,23,22,0,0,0,0,0,0,0,0,0,0,0,0,0,0,0,0,0,0,0,0,0,0,0,0,Mal_Mod
159,172.21.0.120-172.21.0.110-8805-8805,172.21.0.120,172.21.0.110,8805,8805,17,119929296,1604,1605,814,813,0,0,0,0,0,0,0,0,0,0,0,0,0,791,791,0,0,0,0,0,0,0,0,0,Mal_Estab
11,172.21.0.110-172.21.0.107-8805-8805,172.21.0.110,172.21.0.107,8805,8805,17,110012995,22,23,23,22,0,0,0,0,0,0,0,0,0,0,0,0,0,0,0,0,0,0,0,0,0,0,0,0,Normal
542,172.21.0.110-172.21.0.120-8805-8805,172.21.0.110,172.21.0.120,8805,8805,17,110016216,22,23,23,22,0,0,0,0,0,0,0,0,0,0,0,0,0,0,0,0,0,0,0,0,0,0,0,0,Mal_Del
101,172.21.0.110-172.21.0.107-8805-8805,172.21.0.110,172.21.0.107,8805,8805,17,99011601,20,21,21,20,0,0,0,0,0,0,0,0,0,0,0,0,0,0,0,0,0,0,0,0,0,0,0,0,Normal
151,172.21.0.120-172.21.0.110-8805-8805,172.21.0.120,172.21.0.110,8805,8805,17,119863222,1608,1609,815,815,0,0,0,0,0,0,0,0,0,0,0,0,0,794,793,0,0,0,0,0,0,0,0,0,Mal_Estab
443,172.21.0.110-172.21.0.120-8805-8805,172.21.0.110,172.21.0.120,8805,8805,17,110014402,22,23,23,22,0,0,0,0,0,0,0,0,0,0,0,0,0,0,0,0,0,0,0,0,0,0,0,0,Mal_Del
377,172.21.0.120-172.21.0.110-8805-8805,172.21.0.120,172.21.0.110,8805,8805,17,119899613,1619,1620,820,820,0,0,0,0,0,0,0,0,0,0,0,0,0,800,799,0,0,0,0,0,0,0,0,0,Mal_Estab
66,172.21.0.110-172.21.0.107-8805-8805,172.21.0.110,172.21.0.107,8805,8805,17,110012642,22,23,23,22,0,0,0,0,0,0,0,0,0,0,0,0,0,0,0,0,0,0,0,0,0,0,0,0,Normal
449,172.21.0.110-172.21.0.120-8805-8805,172.21.0.110,172.21.0.120,8805,8805,17,110019341,22,23,23,22,0,0,0,0,0,0,0,0,0,0,0,0,0,0,0,0,0,0,0,0,0,0,0,0,Mal_Mod
246,172.21.0.110-172.21.0.107-8805-8805,172.21.0.110,172.21.0.107,8805,8805,17,110011331,22,23,23,22,0,0,0,0,0,0,0,0,0,0,0,0,0,0,0,0,0,0,0,0,0,0,0,0,Normal
375,172.21.0.110-172.21.0.120-8805-8805,172.21.0.110,172.21.0.120,8805,8805,17,110012844,22,23,23,22,0,0,0,0,0,0,0,0,0,0,0,0,0,0,0,0,0,0,0,0,0,0,0,0,Mal_Del
104,172.21.0.110-172.21.0.107-8805-8805,172.21.0.110,172.21.0.107,8805,8805,17,119895655,1047,23,22,22,0,0,0,0,0,0,0,0,0,0,0,0,0,0,0,0,1026,0,0,0,0,0,0,0,Normal
540,172.21.0.120-172.21.0.110-8805-8805,172.21.0.120,172.21.0.110,8805,8805,17,110012410,22,23,23,22,0,0,0,0,0,0,0,0,0,0,0,0,0,0,0,0,0,0,0,0,0,0,0,0,Mal_Mod
184,172.21.0.110-172.21.0.120-8805-8805,172.21.0.110,172.21.0.120,8805,8805,17,110013098,22,23,23,22,0,0,0,0,0,0,0,0,0,0,0,0,0,0,0,0,0,0,0,0,0,0,0,0,Mal_Del
259,172.21.0.120-172.21.0.110-8805-8805,172.21.0.120,172.21.0.110,8805,8805,17,119891918,1574,1577,800,799,0,0,0,0,0,0,0,0,0,0,0,0,0,776,776,0,0,0,0,0,0,0,0,0,Mal_Estab
142,172.21.0.120-172.21.0.110-8805-8805,172.21.0.120,172.21.0.110,8805,8805,17,119979270,1611,1612,816,816,0,0,0,0,0,0,0,0,0,0,0,0,0,796,795,0,0,0,0,0,0,0,0,0,Mal_Estab
82,172.21.0.110-172.21.0.107-8805-8805,172.21.0.110,172.21.0.107,8805,8805,17,110012508,22,23,23,22,0,0,0,0,0,0,0,0,0,0,0,0,0,0,0,0,0,0,0,0,0,0,0,0,Normal
510,172.21.0.110-172.21.0.120-8805-8805,172.21.0.110,172.21.0.120,8805,8805,17,110019973,22,23,23,22,0,0,0,0,0,0,0,0,0,0,0,0,0,0,0,0,0,0,0,0,0,0,0,0,Mal_Mod2
458,172.21.0.110-172.21.0.120-8805-8805,172.21.0.110,172.21.0.120,8805,8805,17,110011318,22,23,23,22,0,0,0,0,0,0,0,0,0,0,0,0,0,0,0,0,0,0,0,0,0,0,0,0,Mal_Del
398,172.21.0.107-172.21.0.110-8805-8805,172.21.0.107,172.21.0.110,8805,8805,17,119864399,1042,1,0,0,0,0,0,0,0,0,0,0,0,0,0,0,0,0,0,1043,0,0,0,0,0,0,0,0,Normal
252,172.21.0.110-172.21.0.120-8805-8805,172.21.0.110,172.21.0.120,8805,8805,17,99011252,20,21,21,20,0,0,0,0,0,0,0,0,0,0,0,0,0,0,0,0,0,0,0,0,0,0,0,0,Mal_Mod2
182,172.21.0.110-172.21.0.120-8805-8805,172.21.0.110,172.21.0.120,8805,8805,17,110016566,22,23,23,22,0,0,0,0,0,0,0,0,0,0,0,0,0,0,0,0,0,0,0,0,0,0,0,0,Mal_Mod2
372,172.21.0.110-172.21.0.120-8805-8805,172.21.0.110,172.21.0.120,8805,8805,17,110014027,22,23,23,22,0,0,0,0,0,0,0,0,0,0,0,0,0,0,0,0,0,0,0,0,0,0,0,0,Mal_Mod
139,172.21.0.110-172.21.0.120-8805-8805,172.21.0.110,172.21.0.120,8805,8805,17,110013353,22,23,23,22,0,0,0,0,0,0,0,0,0,0,0,0,0,0,0,0,0,0,0,0,0,0,0,0,Mal_Del
613,172.21.0.110-172.21.0.120-8805-8805,172.21.0.110,172.21.0.120,8805,8805,17,110012853,22,23,23,22,0,0,0,0,0,0,0,0,0,0,0,0,0,0,0,0,0,0,0,0,0,0,0,0,Mal_Del
389,172.21.0.110-172.21.0.120-8805-8805,172.21.0.110,172.21.0.120,8805,8805,17,110012213,22,23,23,22,0,0,0,0,0,0,0,0,0,0,0,0,0,0,0,0,0,0,0,0,0,0,0,0,Mal_Del
222,172.21.0.110-172.21.0.120-8805-8805,172.21.0.110,172.21.0.120,8805,8805,17,110015803,22,23,23,22,0,0,0,0,0,0,0,0,0,0,0,0,0,0,0,0,0,0,0,0,0,0,0,0,Mal_Mod2
295,172.21.0.120-172.21.0.110-8805-8805,172.21.0.120,172.21.0.110,8805,8805,17,119980846,1613,1614,819,818,0,0,0,0,0,0,0,0,0,0,0,0,0,795,795,0,0,0,0,0,0,0,0,0,Mal_Estab
554,172.21.0.110-172.21.0.120-8805-8805,172.21.0.110,172.21.0.120,8805,8805,17,110021873,22,23,23,22,0,0,0,0,0,0,0,0,0,0,0,0,0,0,0,0,0,0,0,0,0,0,0,0,Mal_Mod2
135,172.21.0.110-172.21.0.120-8805-8805,172.21.0.110,172.21.0.120,8805,8805,17,110017964,22,23,23,22,0,0,0,0,0,0,0,0,0,0,0,0,0,0,0,0,0,0,0,0,0,0,0,0,Mal_Mod2
217,172.21.0.120-172.21.0.110-8805-8805,172.21.0.120,172.21.0.110,8805,8805,17,119930830,1605,1606,813,813,0,0,0,0,0,0,0,0,0,0,0,0,0,793,792,0,0,0,0,0,0,0,0,0,Mal_Estab
340,172.21.0.120-172.21.0.110-8805-8805,172.21.0.120,172.21.0.110,8805,8805,17,119927954,1606,1609,815,814,0,0,0,0,0,0,0,0,0,0,0,0,0,793,793,0,0,0,0,0,0,0,0,0,Mal_Estab
147,172.21.0.110-172.21.0.120-8805-8805,172.21.0.110,172.21.0.120,8805,8805,17,110014254,22,23,23,22,0,0,0,0,0,0,0,0,0,0,0,0,0,0,0,0,0,0,0,0,0,0,0,0,Mal_Mod2
28,172.21.0.110-172.21.0.107-8805-8805,172.21.0.110,172.21.0.107,8805,8805,17,119895389,1042,23,22,22,0,0,0,0,0,0,0,0,0,0,0,0,0,0,0,0,1021,0,0,0,0,0,0,0,Normal
231,172.21.0.110-172.21.0.120-8805-8805,172.21.0.110,172.21.0.120,8805,8805,17,110018087,22,23,23,22,0,0,0,0,0,0,0,0,0,0,0,0,0,0,0,0,0,0,0,0,0,0,0,0,Mal_Mod
225,172.21.0.110-172.21.0.120-8805-8805,172.21.0.110,172.21.0.120,8805,8805,17,110015243,22,23,23,22,0,0,0,0,0,0,0,0,0,0,0,0,0,0,0,0,0,0,0,0,0,0,0,0,Mal_Mod2
442,172.21.0.107-172.21.0.110-8805-8805,172.21.0.107,172.21.0.110,8805,8805,17,119759893,689,1,0,0,0,0,0,0,0,0,0,0,0,0,0,0,0,0,0,0,0,0,0,0,0,0,0,0,Normal
471,172.21.0.110-172.21.0.120-8805-8805,172.21.0.110,172.21.0.120,8805,8805,17,110013432,22,23,23,22,0,0,0,0,0,0,0,0,0,0,0,0,0,0,0,0,0,0,0,0,0,0,0,0,Mal_Del
478,172.21.0.120-172.21.0.110-8805-8805,172.21.0.120,172.21.0.110,8805,8805,17,110014140,22,23,23,22,0,0,0,0,0,0,0,0,0,0,0,0,0,0,0,0,0,0,0,0,0,0,0,0,Mal_Mod2
276,172.21.0.107-172.21.0.110-8805-8805,172.21.0.107,172.21.0.110,8805,8805,17,119840047,707,708,22,22,0,0,0,0,0,0,0,0,0,0,0,0,0,0,0,0,0,0,685,0,0,0,0,0,Normal
366,172.21.0.110-172.21.0.120-8805-8805,172.21.0.110,172.21.0.120,8805,8805,17,110014242,22,23,23,22,0,0,0,0,0,0,0,0,0,0,0,0,0,0,0,0,0,0,0,0,0,0,0,0,Mal_Mod2
600,172.21.0.110-172.21.0.120-8805-8805,172.21.0.110,172.21.0.120,8805,8805,17,110013858,22,23,23,22,0,0,0,0,0,0,0,0,0,0,0,0,0,0,0,0,0,0,0,0,0,0,0,0,Mal_Mod2
368,172.21.0.110-172.21.0.120-8805-8805,172.21.0.110,172.21.0.120,8805,8805,17,110013124,22,23,23,22,0,0,0,0,0,0,0,0,0,0,0,0,0,0,0,0,0,0,0,0,0,0,0,0,Mal_Mod2
240,172.21.0.110-172.21.0.120-8805-8805,172.21.0.110,172.21.0.120,8805,8805,17,110012147,22,23,23,22,0,0,0,0,0,0,0,0,0,0,0,0,0,0,0,0,0,0,0,0,0,0,0,0,Mal_Mod2
232,172.21.0.110-172.21.0.120-8805-8805,172.21.0.110,172.21.0.120,8805,8805,17,110014298,22,23,23,22,0,0,0,0,0,0,0,0,0,0,0,0,0,0,0,0,0,0,0,0,0,0,0,0,Mal_Del
583,172.21.0.110-172.21.0.120-8805-8805,172.21.0.110,172.21.0.120,8805,8805,17,110015456,22,23,23,22,0,0,0,0,0,0,0,0,0,0,0,0,0,0,0,0,0,0,0,0,0,0,0,0,Mal_Mod2
183,172.21.0.110-172.21.0.120-8805-8805,172.21.0.110,172.21.0.120,8805,8805,17,110014414,22,23,23,22,0,0,0,0,0,0,0,0,0,0,0,0,0,0,0,0,0,0,0,0,0,0,0,0,Mal_Del
607,172.21.0.107-172.21.0.110-8805-8805,172.21.0.107,172.21.0.110,8805,8805,17,119842694,1031,1,0,0,0,0,0,0,0,0,0,0,0,0,0,0,0,0,0,1032,0,0,0,0,0,0,0,0,Normal
609,172.21.0.107-172.21.0.110-8805-8805,172.21.0.107,172.21.0.110,8805,8805,17,119831565,690,1,0,0,0,0,0,0,0,0,0,0,0,0,0,0,0,0,0,0,0,0,0,0,0,0,0,0,Normal
243,172.21.0.120-172.21.0.110-8805-8805,172.21.0.120,172.21.0.110,8805,8805,17,119868360,1611,1612,816,816,0,0,0,0,0,0,0,0,0,0,0,0,0,796,795,0,0,0,0,0,0,0,0,0,Mal_Estab
525,172.21.0.110-172.21.0.120-8805-8805,172.21.0.110,172.21.0.120,8805,8805,17,110016945,22,23,23,22,0,0,0,0,0,0,0,0,0,0,0,0,0,0,0,0,0,0,0,0,0,0,0,0,Mal_Mod
172,172.21.0.110-172.21.0.120-8805-8805,172.21.0.110,172.21.0.120,8805,8805,17,110014599,22,23,23,22,0,0,0,0,0,0,0,0,0,0,0,0,0,0,0,0,0,0,0,0,0,0,0,0,Mal_Mod
239,172.21.0.110-172.21.0.120-8805-8805,172.21.0.110,172.21.0.120,8805,8805,17,110018181,22,23,23,22,0,0,0,0,0,0,0,0,0,0,0,0,0,0,0,0,0,0,0,0,0,0,0,0,Mal_Mod2
344,172.21.0.120-172.21.0.110-8805-8805,172.21.0.120,172.21.0.110,8805,8805,17,119980825,1592,1593,807,807,0,0,0,0,0,0,0,0,0,0,0,0,0,786,785,0,0,0,0,0,0,0,0,0,Mal_Estab
81,172.21.0.110-172.21.0.107-8805-8805,172.21.0.110,172.21.0.107,8805,8805,17,119900123,712,22,21,21,0,0,0,0,0,0,0,0,0,0,0,0,0,0,0,0,0,0,692,0,0,0,0,0,Normal
617,172.21.0.110-172.21.0.120-8805-8805,172.21.0.110,172.21.0.120,8805,8805,17,99011894,20,21,21,20,0,0,0,0,0,0,0,0,0,0,0,0,0,0,0,0,0,0,0,0,0,0,0,0,Mal_Del
166,172.21.0.120-172.21.0.110-8805-8805,172.21.0.120,172.21.0.110,8805,8805,17,119960557,1598,1599,811,810,0,0,0,0,0,0,0,0,0,0,0,0,0,788,788,0,0,0,0,0,0,0,0,0,Mal_Estab
341,172.21.0.107-172.21.0.110-8805-8805,172.21.0.107,172.21.0.110,8805,8805,17,119852389,712,713,22,22,0,0,0,0,0,0,0,0,0,0,0,0,0,0,0,0,0,0,690,0,0,0,0,0,Normal
24,172.21.0.110-172.21.0.107-8805-8805,172.21.0.110,172.21.0.107,8805,8805,17,110011588,22,23,23,22,0,0,0,0,0,0,0,0,0,0,0,0,0,0,0,0,0,0,0,0,0,0,0,0,Normal
144,172.21.0.110-172.21.0.120-8805-8805,172.21.0.110,172.21.0.120,8805,8805,17,99013760,20,21,21,20,0,0,0,0,0,0,0,0,0,0,0,0,0,0,0,0,0,0,0,0,0,0,0,0,Mal_Mod
381,172.21.0.107-172.21.0.110-8805-8805,172.21.0.107,172.21.0.110,8805,8805,17,119811734,1053,1054,22,22,0,0,0,0,0,0,0,0,0,0,0,0,0,0,0,1032,1031,0,0,0,0,0,0,0,Normal
488,172.21.0.110-172.21.0.120-8805-8805,172.21.0.110,172.21.0.120,8805,8805,17,110016857,22,23,23,22,0,0,0,0,0,0,0,0,0,0,0,0,0,0,0,0,0,0,0,0,0,0,0,0,Mal_Mod2
156,172.21.0.120-172.21.0.110-8805-8805,172.21.0.120,172.21.0.110,8805,8805,17,119902633,1618,1619,821,820,0,0,0,0,0,0,0,0,0,0,0,0,0,798,798,0,0,0,0,0,0,0,0,0,Mal_Estab
599,172.21.0.110-172.21.0.120-8805-8805,172.21.0.110,172.21.0.120,8805,8805,17,110013312,22,23,23,22,0,0,0,0,0,0,0,0,0,0,0,0,0,0,0,0,0,0,0,0,0,0,0,0,Mal_Mod
467,172.21.0.107-172.21.0.110-8805-8805,172.21.0.107,172.21.0.110,8805,8805,17,119867625,1036,1,0,0,0,0,0,0,0,0,0,0,0,0,0,0,0,0,0,1037,0,0,0,0,0,0,0,0,Normal
343,172.21.0.120-172.21.0.110-8805-8805,172.21.0.120,172.21.0.110,8805,8805,17,119942226,1623,1624,822,822,0,0,0,0,0,0,0,0,0,0,0,0,0,802,801,0,0,0,0,0,0,0,0,0,Mal_Estab
240,172.21.0.120-172.21.0.110-8805-8805,172.21.0.120,172.21.0.110,8805,8805,17,119913414,1631,1632,828,827,0,0,0,0,0,0,0,0,0,0,0,0,0,804,804,0,0,0,0,0,0,0,0,0,Mal_Estab
175,172.21.0.120-172.21.0.110-8805-8805,172.21.0.120,172.21.0.110,8805,8805,17,119887945,1544,1545,783,783,0,0,0,0,0,0,0,0,0,0,0,0,0,762,761,0,0,0,0,0,0,0,0,0,Mal_Estab
77,172.21.0.110-172.21.0.107-8805-8805,172.21.0.110,172.21.0.107,8805,8805,17,110013540,22,23,23,22,0,0,0,0,0,0,0,0,0,0,0,0,0,0,0,0,0,0,0,0,0,0,0,0,Normal
350,172.21.0.120-172.21.0.110-8805-8805,172.21.0.120,172.21.0.110,8805,8805,17,119924934,1599,1600,811,810,0,0,0,0,0,0,0,0,0,0,0,0,0,789,789,0,0,0,0,0,0,0,0,0,Mal_Estab
81,172.21.0.110-172.21.0.107-8805-8805,172.21.0.110,172.21.0.107,8805,8805,17,119912414,1048,22,21,21,0,0,0,0,0,0,0,0,0,0,0,0,0,0,0,0,1028,0,0,0,0,0,0,0,Normal
120,172.21.0.110-172.21.0.107-8805-8805,172.21.0.110,172.21.0.107,8805,8805,17,119834991,1048,23,22,22,0,0,0,0,0,0,0,0,0,0,0,0,0,0,0,0,1027,0,0,0,0,0,0,0,Normal
263,172.21.0.110-172.21.0.120-8805-8805,172.21.0.110,172.21.0.120,8805,8805,17,110012055,22,23,23,22,0,0,0,0,0,0,0,0,0,0,0,0,0,0,0,0,0,0,0,0,0,0,0,0,Mal_Del
507,172.21.0.110-172.21.0.120-8805-8805,172.21.0.110,172.21.0.120,8805,8805,17,110016571,22,23,23,22,0,0,0,0,0,0,0,0,0,0,0,0,0,0,0,0,0,0,0,0,0,0,0,0,Mal_Mod
519,172.21.0.110-172.21.0.120-8805-8805,172.21.0.110,172.21.0.120,8805,8805,17,110013798,22,23,23,22,0,0,0,0,0,0,0,0,0,0,0,0,0,0,0,0,0,0,0,0,0,0,0,0,Mal_Mod
380,172.21.0.110-172.21.0.120-8805-8805,172.21.0.110,172.21.0.120,8805,8805,17,110012247,22,23,23,22,0,0,0,0,0,0,0,0,0,0,0,0,0,0,0,0,0,0,0,0,0,0,0,0,Mal_Mod2
149,172.21.0.120-172.21.0.110-8805-8805,172.21.0.120,172.21.0.110,8805,8805,17,110015047,22,23,23,22,0,0,0,0,0,0,0,0,0,0,0,0,0,0,0,0,0,0,0,0,0,0,0,0,Mal_Mod2
640,172.21.0.110-172.21.0.120-8805-8805,172.21.0.110,172.21.0.120,8805,8805,17,110016406,22,23,23,22,0,0,0,0,0,0,0,0,0,0,0,0,0,0,0,0,0,0,0,0,0,0,0,0,Mal_Mod
28,172.21.0.110-172.21.0.107-8805-8805,172.21.0.110,172.21.0.107,8805,8805,17,119824168,710,22,21,21,0,0,0,0,0,0,0,0,0,0,0,0,0,0,0,0,0,0,690,0,0,0,0,0,Normal
244,172.21.0.110-172.21.0.120-8805-8805,172.21.0.110,172.21.0.120,8805,8805,17,110010371,22,23,23,22,0,0,0,0,0,0,0,0,0,0,0,0,0,0,0,0,0,0,0,0,0,0,0,0,Mal_Del
388,172.21.0.120-172.21.0.110-8805-8805,172.21.0.120,172.21.0.110,8805,8805,17,110022703,25,26,23,22,0,0,0,0,0,0,0,0,0,0,0,0,0,1,1,1,1,0,1,0,0,0,0,0,Mal_Mod
314,172.21.0.120-172.21.0.110-8805-8805,172.21.0.120,172.21.0.110,8805,8805,17,110028009,22,23,23,22,0,0,0,0,0,0,0,0,0,0,0,0,0,0,0,0,0,0,0,0,0,0,0,0,Mal_Mod2
487,172.21.0.110-172.21.0.120-8805-8805,172.21.0.110,172.21.0.120,8805,8805,17,110020467,22,23,23,22,0,0,0,0,0,0,0,0,0,0,0,0,0,0,0,0,0,0,0,0,0,0,0,0,Mal_Mod
452,172.21.0.107-172.21.0.110-8805-8805,172.21.0.107,172.21.0.110,8805,8805,17,119936925,1030,1,0,0,0,0,0,0,0,0,0,0,0,0,0,0,0,0,0,1031,0,0,0,0,0,0,0,0,Normal
364,172.21.0.110-172.21.0.120-8805-8805,172.21.0.110,172.21.0.120,8805,8805,17,110013134,22,23,23,22,0,0,0,0,0,0,0,0,0,0,0,0,0,0,0,0,0,0,0,0,0,0,0,0,Mal_Del
255,172.21.0.120-172.21.0.110-8805-8805,172.21.0.120,172.21.0.110,8805,8805,17,110018952,22,23,23,22,0,0,0,0,0,0,0,0,0,0,0,0,0,0,0,0,0,0,0,0,0,0,0,0,Mal_Mod
321,172.21.0.110-172.21.0.120-8805-8805,172.21.0.110,172.21.0.120,8805,8805,17,110020922,22,23,23,22,0,0,0,0,0,0,0,0,0,0,0,0,0,0,0,0,0,0,0,0,0,0,0,0,Mal_Mod2
472,172.21.0.110-172.21.0.120-8805-8805,172.21.0.110,172.21.0.120,8805,8805,17,110013145,22,23,23,22,0,0,0,0,0,0,0,0,0,0,0,0,0,0,0,0,0,0,0,0,0,0,0,0,Mal_Mod2
289,172.21.0.110-172.21.0.120-8805-8805,172.21.0.110,172.21.0.120,8805,8805,17,110014604,22,23,23,22,0,0,0,0,0,0,0,0,0,0,0,0,0,0,0,0,0,0,0,0,0,0,0,0,Mal_Del
297,172.21.0.110-172.21.0.120-8805-8805,172.21.0.110,172.21.0.120,8805,8805,17,110019369,22,23,23,22,0,0,0,0,0,0,0,0,0,0,0,0,0,0,0,0,0,0,0,0,0,0,0,0,Mal_Mod
576,172.21.0.110-172.21.0.120-8805-8805,172.21.0.110,172.21.0.120,8805,8805,17,110021767,22,23,23,22,0,0,0,0,0,0,0,0,0,0,0,0,0,0,0,0,0,0,0,0,0,0,0,0,Mal_Mod
80,172.21.0.110-172.21.0.107-8805-8805,172.21.0.110,172.21.0.107,8805,8805,17,110012055,22,23,23,22,0,0,0,0,0,0,0,0,0,0,0,0,0,0,0,0,0,0,0,0,0,0,0,0,Normal
268,172.21.0.107-172.21.0.110-8805-8805,172.21.0.107,172.21.0.110,8805,8805,17,119779964,710,711,22,22,0,0,0,0,0,0,0,0,0,0,0,0,0,0,0,0,0,0,688,0,0,0,0,0,Normal
622,172.21.0.107-172.21.0.110-8805-8805,172.21.0.107,172.21.0.110,8805,8805,17,119924037,622,1,0,0,0,0,0,0,0,0,0,0,0,0,0,0,0,0,0,0,0,0,0,0,0,0,0,0,Normal
445,172.21.0.110-172.21.0.120-8805-8805,172.21.0.110,172.21.0.120,8805,8805,17,110016911,22,23,23,22,0,0,0,0,0,0,0,0,0,0,0,0,0,0,0,0,0,0,0,0,0,0,0,0,Mal_Del
371,172.21.0.120-172.21.0.110-8805-8805,172.21.0.120,172.21.0.110,8805,8805,17,119939607,1611,1612,816,816,0,0,0,0,0,0,0,0,0,0,0,0,0,796,795,0,0,0,0,0,0,0,0,0,Mal_Estab
596,172.21.0.107-172.21.0.110-8805-8805,172.21.0.107,172.21.0.110,8805,8805,17,119811347,1060,1,0,0,0,0,0,0,0,0,0,0,0,0,0,0,0,0,0,1061,0,0,0,0,0,0,0,0,Normal
334,172.21.0.120-172.21.0.110-8805-8805,172.21.0.120,172.21.0.110,8805,8805,17,110017711,22,23,23,22,0,0,0,0,0,0,0,0,0,0,0,0,0,0,0,0,0,0,0,0,0,0,0,0,Mal_Mod
462,172.21.0.110-172.21.0.120-8805-8805,172.21.0.110,172.21.0.120,8805,8805,17,110014944,22,23,23,22,0,0,0,0,0,0,0,0,0,0,0,0,0,0,0,0,0,0,0,0,0,0,0,0,Mal_Mod
535,172.21.0.110-172.21.0.120-8805-8805,172.21.0.110,172.21.0.120,8805,8805,17,110011859,22,23,23,22,0,0,0,0,0,0,0,0,0,0,0,0,0,0,0,0,0,0,0,0,0,0,0,0,Mal_Mod
230,172.21.0.120-172.21.0.110-8805-8805,172.21.0.120,172.21.0.110,8805,8805,17,119925366,1617,1620,821,820,0,0,0,0,0,0,0,0,0,0,0,0,0,798,798,0,0,0,0,0,0,0,0,0,Mal_Estab
145,172.21.0.120-172.21.0.110-8805-8805,172.21.0.120,172.21.0.110,8805,8805,17,119886740,1610,1611,817,816,0,0,0,0,0,0,0,0,0,0,0,0,0,794,794,0,0,0,0,0,0,0,0,0,Mal_Estab
400,172.21.0.110-172.21.0.120-8805-8805,172.21.0.110,172.21.0.120,8805,8805,17,110013591,22,23,23,22,0,0,0,0,0,0,0,0,0,0,0,0,0,0,0,0,0,0,0,0,0,0,0,0,Mal_Del
228,172.21.0.120-172.21.0.110-8805-8805,172.21.0.120,172.21.0.110,8805,8805,17,110012834,22,23,23,22,0,0,0,0,0,0,0,0,0,0,0,0,0,0,0,0,0,0,0,0,0,0,0,0,Mal_Del
215,172.21.0.110-172.21.0.107-8805-8805,172.21.0.110,172.21.0.107,8805,8805,17,99010472,20,21,21,20,0,0,0,0,0,0,0,0,0,0,0,0,0,0,0,0,0,0,0,0,0,0,0,0,Normal
205,172.21.0.110-172.21.0.120-8805-8805,172.21.0.110,172.21.0.120,8805,8805,17,110012874,22,23,23,22,0,0,0,0,0,0,0,0,0,0,0,0,0,0,0,0,0,0,0,0,0,0,0,0,Mal_Mod2
286,172.21.0.120-172.21.0.110-8805-8805,172.21.0.120,172.21.0.110,8805,8805,17,119954431,1610,1613,818,817,0,0,0,0,0,0,0,0,0,0,0,0,0,794,794,0,0,0,0,0,0,0,0,0,Mal_Estab
330,172.21.0.110-172.21.0.120-8805-8805,172.21.0.110,172.21.0.120,8805,8805,17,110015186,22,23,23,22,0,0,0,0,0,0,0,0,0,0,0,0,0,0,0,0,0,0,0,0,0,0,0,0,Mal_Mod2
196,172.21.0.120-172.21.0.110-8805-8805,172.21.0.120,172.21.0.110,8805,8805,17,119901758,1609,1610,817,816,0,0,0,0,0,0,0,0,0,0,0,0,0,793,793,0,0,0,0,0,0,0,0,0,Mal_Estab
626,172.21.0.110-172.21.0.120-8805-8805,172.21.0.110,172.21.0.120,8805,8805,17,110014568,22,23,23,22,0,0,0,0,0,0,0,0,0,0,0,0,0,0,0,0,0,0,0,0,0,0,0,0,Mal_Mod
249,172.21.0.110-172.21.0.120-8805-8805,172.21.0.110,172.21.0.120,8805,8805,17,110013544,22,23,23,22,0,0,0,0,0,0,0,0,0,0,0,0,0,0,0,0,0,0,0,0,0,0,0,0,Mal_Mod2
483,172.21.0.110-172.21.0.120-8805-8805,172.21.0.110,172.21.0.120,8805,8805,17,110019950,22,23,23,22,0,0,0,0,0,0,0,0,0,0,0,0,0,0,0,0,0,0,0,0,0,0,0,0,Mal_Mod
346,172.21.0.110-172.21.0.120-8805-8805,172.21.0.110,172.21.0.120,8805,8805,17,110013885,22,23,23,22,0,0,0,0,0,0,0,0,0,0,0,0,0,0,0,0,0,0,0,0,0,0,0,0,Mal_Mod2
154,172.21.0.110-172.21.0.120-8805-8805,172.21.0.110,172.21.0.120,8805,8805,17,110014916,22,23,23,22,0,0,0,0,0,0,0,0,0,0,0,0,0,0,0,0,0,0,0,0,0,0,0,0,Mal_Mod2
323,172.21.0.110-172.21.0.120-8805-8805,172.21.0.110,172.21.0.120,8805,8805,17,110013115,22,23,23,22,0,0,0,0,0,0,0,0,0,0,0,0,0,0,0,0,0,0,0,0,0,0,0,0,Mal_Mod2
131,172.21.0.120-172.21.0.110-8805-8805,172.21.0.120,172.21.0.110,8805,8805,17,119868990,1620,1621,820,820,0,0,0,0,0,0,0,0,0,0,0,0,0,801,800,0,0,0,0,0,0,0,0,0,Mal_Estab
322,172.21.0.110-172.21.0.120-8805-8805,172.21.0.110,172.21.0.120,8805,8805,17,110012788,22,23,23,22,0,0,0,0,0,0,0,0,0,0,0,0,0,0,0,0,0,0,0,0,0,0,0,0,Mal_Del
411,172.21.0.110-172.21.0.120-8805-8805,172.21.0.110,172.21.0.120,8805,8805,17,110013274,22,23,23,22,0,0,0,0,0,0,0,0,0,0,0,0,0,0,0,0,0,0,0,0,0,0,0,0,Mal_Del
553,172.21.0.110-172.21.0.120-8805-8805,172.21.0.110,172.21.0.120,8805,8805,17,110012498,22,23,23,22,0,0,0,0,0,0,0,0,0,0,0,0,0,0,0,0,0,0,0,0,0,0,0,0,Mal_Del
600,172.21.0.107-172.21.0.110-8805-8805,172.21.0.107,172.21.0.110,8805,8805,17,119939740,1055,1,0,0,0,0,0,0,0,0,0,0,0,0,0,0,0,0,0,1056,0,0,0,0,0,0,0,0,Normal
355,172.21.0.120-172.21.0.110-8805-8805,172.21.0.120,172.21.0.110,8805,8805,17,119902168,1614,1615,818,818,0,0,0,0,0,0,0,0,0,0,0,0,0,797,796,0,0,0,0,0,0,0,0,0,Mal_Estab
587,172.21.0.110-172.21.0.120-8805-8805,172.21.0.110,172.21.0.120,8805,8805,17,110016864,22,23,23,22,0,0,0,0,0,0,0,0,0,0,0,0,0,0,0,0,0,0,0,0,0,0,0,0,Mal_Mod2
418,172.21.0.110-172.21.0.120-8805-8805,172.21.0.110,172.21.0.120,8805,8805,17,110013985,22,23,23,22,0,0,0,0,0,0,0,0,0,0,0,0,0,0,0,0,0,0,0,0,0,0,0,0,Mal_Del
207,172.21.0.110-172.21.0.120-8805-8805,172.21.0.110,172.21.0.120,8805,8805,17,110017401,22,23,23,22,0,0,0,0,0,0,0,0,0,0,0,0,0,0,0,0,0,0,0,0,0,0,0,0,Mal_Mod
319,172.21.0.110-172.21.0.120-8805-8805,172.21.0.110,172.21.0.120,8805,8805,17,110016936,22,23,23,22,0,0,0,0,0,0,0,0,0,0,0,0,0,0,0,0,0,0,0,0,0,0,0,0,Mal_Mod2
22,172.21.0.110-172.21.0.107-8805-8805,172.21.0.110,172.21.0.107,8805,8805,17,110013883,22,23,23,22,0,0,0,0,0,0,0,0,0,0,0,0,0,0,0,0,0,0,0,0,0,0,0,0,Normal
219,172.21.0.110-172.21.0.120-8805-8805,172.21.0.110,172.21.0.120,8805,8805,17,110012830,22,23,23,22,0,0,0,0,0,0,0,0,0,0,0,0,0,0,0,0,0,0,0,0,0,0,0,0,Mal_Mod2
290,172.21.0.120-172.21.0.110-8805-8805,172.21.0.120,172.21.0.110,8805,8805,17,110013006,22,23,23,22,0,0,0,0,0,0,0,0,0,0,0,0,0,0,0,0,0,0,0,0,0,0,0,0,Mal_Mod
277,172.21.0.110-172.21.0.120-8805-8805,172.21.0.110,172.21.0.120,8805,8805,17,110016256,22,23,23,22,0,0,0,0,0,0,0,0,0,0,0,0,0,0,0,0,0,0,0,0,0,0,0,0,Mal_Mod2
226,172.21.0.120-172.21.0.110-8805-8805,172.21.0.120,172.21.0.110,8805,8805,17,110014397,22,23,23,22,0,0,0,0,0,0,0,0,0,0,0,0,0,0,0,0,0,0,0,0,0,0,0,0,Mal_Mod
329,172.21.0.120-172.21.0.110-8805-8805,172.21.0.120,172.21.0.110,8805,8805,17,119961612,1606,1607,813,813,0,0,0,0,0,0,0,0,0,0,0,0,0,794,793,0,0,0,0,0,0,0,0,0,Mal_Estab
549,172.21.0.110-172.21.0.120-8805-8805,172.21.0.110,172.21.0.120,8805,8805,17,110014188,22,23,23,22,0,0,0,0,0,0,0,0,0,0,0,0,0,0,0,0,0,0,0,0,0,0,0,0,Mal_Del
625,172.21.0.110-172.21.0.120-8805-8805,172.21.0.110,172.21.0.120,8805,8805,17,110011388,22,23,23,22,0,0,0,0,0,0,0,0,0,0,0,0,0,0,0,0,0,0,0,0,0,0,0,0,Mal_Del
454,172.21.0.107-172.21.0.110-8805-8805,172.21.0.107,172.21.0.110,8805,8805,17,119968339,1070,1,0,0,0,0,0,0,0,0,0,0,0,0,0,0,0,0,0,1071,0,0,0,0,0,0,0,0,Normal
327,172.21.0.110-172.21.0.120-8805-8805,172.21.0.110,172.21.0.120,8805,8805,17,110013519,22,23,23,22,0,0,0,0,0,0,0,0,0,0,0,0,0,0,0,0,0,0,0,0,0,0,0,0,Mal_Del
470,172.21.0.110-172.21.0.120-8805-8805,172.21.0.110,172.21.0.120,8805,8805,17,110014313,22,23,23,22,0,0,0,0,0,0,0,0,0,0,0,0,0,0,0,0,0,0,0,0,0,0,0,0,Mal_Mod
142,172.21.0.110-172.21.0.120-8805-8805,172.21.0.110,172.21.0.120,8805,8805,17,110020774,22,23,23,22,0,0,0,0,0,0,0,0,0,0,0,0,0,0,0,0,0,0,0,0,0,0,0,0,Mal_Mod2
381,172.21.0.120-172.21.0.110-8805-8805,172.21.0.120,172.21.0.110,8805,8805,17,119862659,1611,1612,816,816,0,0,0,0,0,0,0,0,0,0,0,0,0,796,795,0,0,0,0,0,0,0,0,0,Mal_Estab
253,172.21.0.110-172.21.0.120-8805-8805,172.21.0.110,172.21.0.120,8805,8805,17,110017204,22,23,23,22,0,0,0,0,0,0,0,0,0,0,0,0,0,0,0,0,0,0,0,0,0,0,0,0,Mal_Mod
223,172.21.0.107-172.21.0.110-8805-8805,172.21.0.107,172.21.0.110,8805,8805,17,119892271,1076,1077,22,22,0,0,0,0,0,0,0,0,0,0,0,0,0,0,0,1055,1054,0,0,0,0,0,0,0,Normal
578,172.21.0.110-172.21.0.120-8805-8805,172.21.0.110,172.21.0.120,8805,8805,17,110020760,22,23,23,22,0,0,0,0,0,0,0,0,0,0,0,0,0,0,0,0,0,0,0,0,0,0,0,0,Mal_Mod2
440,172.21.0.110-172.21.0.120-8805-8805,172.21.0.110,172.21.0.120,8805,8805,17,110015855,22,23,23,22,0,0,0,0,0,0,0,0,0,0,0,0,0,0,0,0,0,0,0,0,0,0,0,0,Mal_Mod
492,172.21.0.110-172.21.0.120-8805-8805,172.21.0.110,172.21.0.120,8805,8805,17,99012632,20,21,21,20,0,0,0,0,0,0,0,0,0,0,0,0,0,0,0,0,0,0,0,0,0,0,0,0,Mal_Mod
310,172.21.0.110-172.21.0.120-8805-8805,172.21.0.110,172.21.0.120,8805,8805,17,110016884,22,23,23,22,0,0,0,0,0,0,0,0,0,0,0,0,0,0,0,0,0,0,0,0,0,0,0,0,Mal_Mod2
592,172.21.0.110-172.21.0.120-8805-8805,172.21.0.110,172.21.0.120,8805,8805,17,110015463,22,23,23,22,0,0,0,0,0,0,0,0,0,0,0,0,0,0,0,0,0,0,0,0,0,0,0,0,Mal_Del
172,172.21.0.110-172.21.0.120-8805-8805,172.21.0.110,172.21.0.120,8805,8805,17,110013305,22,23,23,22,0,0,0,0,0,0,0,0,0,0,0,0,0,0,0,0,0,0,0,0,0,0,0,0,Mal_Mod2
235,172.21.0.120-172.21.0.110-8805-8805,172.21.0.120,172.21.0.110,8805,8805,17,119941839,1624,1627,825,824,0,0,0,0,0,0,0,0,0,0,0,0,0,801,801,0,0,0,0,0,0,0,0,0,Mal_Estab
617,172.21.0.110-172.21.0.120-8805-8805,172.21.0.110,172.21.0.120,8805,8805,17,110012918,22,23,23,22,0,0,0,0,0,0,0,0,0,0,0,0,0,0,0,0,0,0,0,0,0,0,0,0,Mal_Mod
114,172.21.0.110-172.21.0.107-8805-8805,172.21.0.110,172.21.0.107,8805,8805,17,119916685,1031,23,22,22,0,0,0,0,0,0,0,0,0,0,0,0,0,0,0,0,1010,0,0,0,0,0,0,0,Normal
57,172.21.0.110-172.21.0.107-8805-8805,172.21.0.110,172.21.0.107,8805,8805,17,119852470,710,23,22,22,0,0,0,0,0,0,0,0,0,0,0,0,0,0,0,0,0,0,689,0,0,0,0,0,Normal
294,172.21.0.110-172.21.0.120-8805-8805,172.21.0.110,172.21.0.120,8805,8805,17,110014833,22,23,23,22,0,0,0,0,0,0,0,0,0,0,0,0,0,0,0,0,0,0,0,0,0,0,0,0,Mal_Mod2
358,172.21.0.120-172.21.0.110-8805-8805,172.21.0.120,172.21.0.110,8805,8805,17,110012115,22,23,23,22,0,0,0,0,0,0,0,0,0,0,0,0,0,0,0,0,0,0,0,0,0,0,0,0,Mal_Mod
571,172.21.0.110-172.21.0.120-8805-8805,172.21.0.110,172.21.0.120,8805,8805,17,110014322,22,23,23,22,0,0,0,0,0,0,0,0,0,0,0,0,0,0,0,0,0,0,0,0,0,0,0,0,Mal_Mod2
386,172.21.0.110-172.21.0.120-8805-8805,172.21.0.110,172.21.0.120,8805,8805,17,110014957,22,23,23,22,0,0,0,0,0,0,0,0,0,0,0,0,0,0,0,0,0,0,0,0,0,0,0,0,Mal_Estab
227,172.21.0.120-172.21.0.110-8805-8805,172.21.0.120,172.21.0.110,8805,8805,17,119966426,1614,1615,818,818,0,0,0,0,0,0,0,0,0,0,0,0,0,797,796,0,0,0,0,0,0,0,0,0,Mal_Estab
339,172.21.0.110-172.21.0.120-8805-8805,172.21.0.110,172.21.0.120,8805,8805,17,110017153,22,23,23,22,0,0,0,0,0,0,0,0,0,0,0,0,0,0,0,0,0,0,0,0,0,0,0,0,Mal_Del
376,172.21.0.110-172.21.0.120-8805-8805,172.21.0.110,172.21.0.120,8805,8805,17,110014399,22,23,23,22,0,0,0,0,0,0,0,0,0,0,0,0,0,0,0,0,0,0,0,0,0,0,0,0,Mal_Del
357,172.21.0.110-172.21.0.120-8805-8805,172.21.0.110,172.21.0.120,8805,8805,17,110013522,22,23,23,22,0,0,0,0,0,0,0,0,0,0,0,0,0,0,0,0,0,0,0,0,0,0,0,0,Mal_Mod2
429,172.21.0.120-172.21.0.110-8805-8805,172.21.0.120,172.21.0.110,8805,8805,17,110012449,22,23,23,22,0,0,0,0,0,0,0,0,0,0,0,0,0,0,0,0,0,0,0,0,0,0,0,0,Mal_Mod2
538,172.21.0.107-172.21.0.110-8805-8805,172.21.0.107,172.21.0.110,8805,8805,17,119823580,686,1,0,0,0,0,0,0,0,0,0,0,0,0,0,0,0,0,0,0,0,0,0,0,0,0,0,0,Normal
119,172.21.0.110-172.21.0.120-8805-8805,172.21.0.110,172.21.0.120,8805,8805,17,110022154,22,23,23,22,0,0,0,0,0,0,0,0,0,0,0,0,0,0,0,0,0,0,0,0,0,0,0,0,Mal_Mod2
288,172.21.0.110-172.21.0.107-8805-8805,172.21.0.110,172.21.0.107,8805,8805,17,110012059,22,23,23,22,0,0,0,0,0,0,0,0,0,0,0,0,0,0,0,0,0,0,0,0,0,0,0,0,Normal
286,172.21.0.110-172.21.0.120-8805-8805,172.21.0.110,172.21.0.120,8805,8805,17,110012265,22,23,23,22,0,0,0,0,0,0,0,0,0,0,0,0,0,0,0,0,0,0,0,0,0,0,0,0,Mal_Mod
490,172.21.0.110-172.21.0.120-8805-8805,172.21.0.110,172.21.0.120,8805,8805,17,110013907,22,23,23,22,0,0,0,0,0,0,0,0,0,0,0,0,0,0,0,0,0,0,0,0,0,0,0,0,Mal_Del
60,172.21.0.110-172.21.0.107-8805-8805,172.21.0.110,172.21.0.107,8805,8805,17,110011368,22,23,23,22,0,0,0,0,0,0,0,0,0,0,0,0,0,0,0,0,0,0,0,0,0,0,0,0,Normal
592,172.21.0.110-172.21.0.120-8805-8805,172.21.0.110,172.21.0.120,8805,8805,17,110018554,22,23,23,22,0,0,0,0,0,0,0,0,0,0,0,0,0,0,0,0,0,0,0,0,0,0,0,0,Mal_Mod2
532,172.21.0.110-172.21.0.120-8805-8805,172.21.0.110,172.21.0.120,8805,8805,17,110013870,22,23,23,22,0,0,0,0,0,0,0,0,0,0,0,0,0,0,0,0,0,0,0,0,0,0,0,0,Mal_Mod2
166,172.21.0.110-172.21.0.120-8805-8805,172.21.0.110,172.21.0.120,8805,8805,17,110014420,22,23,23,22,0,0,0,0,0,0,0,0,0,0,0,0,0,0,0,0,0,0,0,0,0,0,0,0,Mal_Del
613,172.21.0.110-172.21.0.120-8805-8805,172.21.0.110,172.21.0.120,8805,8805,17,110026166,22,23,23,22,0,0,0,0,0,0,0,0,0,0,0,0,0,0,0,0,0,0,0,0,0,0,0,0,Mal_Mod
169,172.21.0.110-172.21.0.120-8805-8805,172.21.0.110,172.21.0.120,8805,8805,17,110014554,22,23,23,22,0,0,0,0,0,0,0,0,0,0,0,0,0,0,0,0,0,0,0,0,0,0,0,0,Mal_Mod2
148,172.21.0.107-172.21.0.110-8805-8805,172.21.0.107,172.21.0.110,8805,8805,17,119815966,704,703,22,21,0,0,0,0,0,0,0,0,0,0,0,0,0,0,0,0,0,0,681,0,0,0,0,0,Normal
289,172.21.0.110-172.21.0.120-8805-8805,172.21.0.110,172.21.0.120,8805,8805,17,110012520,22,23,23,22,0,0,0,0,0,0,0,0,0,0,0,0,0,0,0,0,0,0,0,0,0,0,0,0,Mal_Mod
481,172.21.0.110-172.21.0.120-8805-8805,172.21.0.110,172.21.0.120,8805,8805,17,110015507,22,23,23,22,0,0,0,0,0,0,0,0,0,0,0,0,0,0,0,0,0,0,0,0,0,0,0,0,Mal_Del
467,172.21.0.110-172.21.0.120-8805-8805,172.21.0.110,172.21.0.120,8805,8805,17,110025139,25,26,23,22,0,0,0,0,0,0,0,0,0,0,0,0,0,1,1,1,1,0,1,0,0,0,0,0,Mal_Mod2
457,172.21.0.110-172.21.0.120-8805-8805,172.21.0.110,172.21.0.120,8805,8805,17,110012539,22,23,23,22,0,0,0,0,0,0,0,0,0,0,0,0,0,0,0,0,0,0,0,0,0,0,0,0,Mal_Mod2
644,172.21.0.110-172.21.0.120-8805-8805,172.21.0.110,172.21.0.120,8805,8805,17,110014651,22,23,23,22,0,0,0,0,0,0,0,0,0,0,0,0,0,0,0,0,0,0,0,0,0,0,0,0,Mal_Mod
434,172.21.0.110-172.21.0.120-8805-8805,172.21.0.110,172.21.0.120,8805,8805,17,110012455,22,23,23,22,0,0,0,0,0,0,0,0,0,0,0,0,0,0,0,0,0,0,0,0,0,0,0,0,Mal_Del
162,172.21.0.110-172.21.0.120-8805-8805,172.21.0.110,172.21.0.120,8805,8805,17,110012519,22,23,23,22,0,0,0,0,0,0,0,0,0,0,0,0,0,0,0,0,0,0,0,0,0,0,0,0,Mal_Del
208,172.21.0.120-172.21.0.110-8805-8805,172.21.0.120,172.21.0.110,8805,8805,17,119915521,1621,1622,821,821,0,0,0,0,0,0,0,0,0,0,0,0,0,801,800,0,0,0,0,0,0,0,0,0,Mal_Estab
141,172.21.0.120-172.21.0.110-8805-8805,172.21.0.120,172.21.0.110,8805,8805,17,119926823,1608,1609,815,815,0,0,0,0,0,0,0,0,0,0,0,0,0,794,793,0,0,0,0,0,0,0,0,0,Mal_Estab
283,172.21.0.120-172.21.0.110-8805-8805,172.21.0.120,172.21.0.110,8805,8805,17,119899897,1524,1525,773,773,0,0,0,0,0,0,0,0,0,0,0,0,0,752,751,0,0,0,0,0,0,0,0,0,Mal_Estab
271,172.21.0.120-172.21.0.110-8805-8805,172.21.0.120,172.21.0.110,8805,8805,17,119911676,1611,1612,816,816,0,0,0,0,0,0,0,0,0,0,0,0,0,796,795,0,0,0,0,0,0,0,0,0,Mal_Estab
312,172.21.0.110-172.21.0.120-8805-8805,172.21.0.110,172.21.0.120,8805,8805,17,110014932,22,23,23,22,0,0,0,0,0,0,0,0,0,0,0,0,0,0,0,0,0,0,0,0,0,0,0,0,Mal_Del
313,172.21.0.107-172.21.0.110-8805-8805,172.21.0.107,172.21.0.110,8805,8805,17,119941856,1070,1071,22,22,0,0,0,0,0,0,0,0,0,0,0,0,0,0,0,1049,1048,0,0,0,0,0,0,0,Normal
284,172.21.0.120-172.21.0.110-8805-8805,172.21.0.120,172.21.0.110,8805,8805,17,110012508,22,23,23,22,0,0,0,0,0,0,0,0,0,0,0,0,0,0,0,0,0,0,0,0,0,0,0,0,Mal_Mod2
639,172.21.0.107-172.21.0.110-8805-8805,172.21.0.107,172.21.0.110,8805,8805,17,119887870,1002,1,0,0,0,0,0,0,0,0,0,0,0,0,0,0,0,0,0,1003,0,0,0,0,0,0,0,0,Normal
582,172.21.0.107-172.21.0.110-8805-8805,172.21.0.107,172.21.0.110,8805,8805,17,119771990,923,1,0,0,0,0,0,0,0,0,0,0,0,0,0,0,0,0,0,924,0,0,0,0,0,0,0,0,Normal
136,172.21.0.120-172.21.0.110-8805-8805,172.21.0.120,172.21.0.110,8805,8805,17,119856070,1607,1608,816,815,0,0,0,0,0,0,0,0,0,0,0,0,0,792,792,0,0,0,0,0,0,0,0,0,Mal_Estab
527,172.21.0.110-172.21.0.120-8805-8805,172.21.0.110,172.21.0.120,8805,8805,17,110011393,22,23,23,22,0,0,0,0,0,0,0,0,0,0,0,0,0,0,0,0,0,0,0,0,0,0,0,0,Mal_Del
601,172.21.0.110-172.21.0.120-8805-8805,172.21.0.110,172.21.0.120,8805,8805,17,110015492,22,23,23,22,0,0,0,0,0,0,0,0,0,0,0,0,0,0,0,0,0,0,0,0,0,0,0,0,Mal_Del
309,172.21.0.120-172.21.0.110-8805-8805,172.21.0.120,172.21.0.110,8805,8805,17,119954414,1614,1615,818,818,0,0,0,0,0,0,0,0,0,0,0,0,0,797,796,0,0,0,0,0,0,0,0,0,Mal_Estab
250,172.21.0.110-172.21.0.107-8805-8805,172.21.0.110,172.21.0.107,8805,8805,17,110012325,22,23,23,22,0,0,0,0,0,0,0,0,0,0,0,0,0,0,0,0,0,0,0,0,0,0,0,0,Normal
367,172.21.0.110-172.21.0.120-8805-8805,172.21.0.110,172.21.0.120,8805,8805,17,110014472,22,23,23,22,0,0,0,0,0,0,0,0,0,0,0,0,0,0,0,0,0,0,0,0,0,0,0,0,Mal_Mod2
213,172.21.0.110-172.21.0.120-8805-8805,172.21.0.110,172.21.0.120,8805,8805,17,110015283,22,23,23,22,0,0,0,0,0,0,0,0,0,0,0,0,0,0,0,0,0,0,0,0,0,0,0,0,Mal_Del
537,172.21.0.110-172.21.0.120-8805-8805,172.21.0.110,172.21.0.120,8805,8805,17,110011222,22,23,23,22,0,0,0,0,0,0,0,0,0,0,0,0,0,0,0,0,0,0,0,0,0,0,0,0,Mal_Mod2
394,172.21.0.110-172.21.0.120-8805-8805,172.21.0.110,172.21.0.120,8805,8805,17,110013315,22,23,23,22,0,0,0,0,0,0,0,0,0,0,0,0,0,0,0,0,0,0,0,0,0,0,0,0,Mal_Del
405,172.21.0.120-172.21.0.110-8805-8805,172.21.0.120,172.21.0.110,8805,8805,17,99014907,20,21,21,20,0,0,0,0,0,0,0,0,0,0,0,0,0,0,0,0,0,0,0,0,0,0,0,0,Mal_Mod
292,172.21.0.120-172.21.0.110-8805-8805,172.21.0.120,172.21.0.110,8805,8805,17,119876358,1612,1613,817,817,0,0,0,0,0,0,0,0,0,0,0,0,0,796,795,0,0,0,0,0,0,0,0,0,Mal_Estab
355,172.21.0.110-172.21.0.120-8805-8805,172.21.0.110,172.21.0.120,8805,8805,17,110011454,22,23,23,22,0,0,0,0,0,0,0,0,0,0,0,0,0,0,0,0,0,0,0,0,0,0,0,0,Mal_Del
238,172.21.0.120-172.21.0.110-8805-8805,172.21.0.120,172.21.0.110,8805,8805,17,119911270,1602,1603,812,812,0,0,0,0,0,0,0,0,0,0,0,0,0,791,790,0,0,0,0,0,0,0,0,0,Mal_Estab
270,172.21.0.110-172.21.0.120-8805-8805,172.21.0.110,172.21.0.120,8805,8805,17,110019442,22,23,23,22,0,0,0,0,0,0,0,0,0,0,0,0,0,0,0,0,0,0,0,0,0,0,0,0,Mal_Mod2
448,172.21.0.110-172.21.0.120-8805-8805,172.21.0.110,172.21.0.120,8805,8805,17,110020843,22,23,23,22,0,0,0,0,0,0,0,0,0,0,0,0,0,0,0,0,0,0,0,0,0,0,0,0,Mal_Mod
400,172.21.0.120-172.21.0.110-8805-8805,172.21.0.120,172.21.0.110,8805,8805,17,99014588,20,21,21,20,0,0,0,0,0,0,0,0,0,0,0,0,0,0,0,0,0,0,0,0,0,0,0,0,Mal_Mod2
138,172.21.0.120-172.21.0.110-8805-8805,172.21.0.120,172.21.0.110,8805,8805,17,119946178,1610,1611,816,816,0,0,0,0,0,0,0,0,0,0,0,0,0,795,794,0,0,0,0,0,0,0,0,0,Mal_Estab
491,172.21.0.120-172.21.0.110-8805-8805,172.21.0.120,172.21.0.110,8805,8805,17,110011867,22,23,23,22,0,0,0,0,0,0,0,0,0,0,0,0,0,0,0,0,0,0,0,0,0,0,0,0,Mal_Del
541,172.21.0.110-172.21.0.120-8805-8805,172.21.0.110,172.21.0.120,8805,8805,17,110013157,22,23,23,22,0,0,0,0,0,0,0,0,0,0,0,0,0,0,0,0,0,0,0,0,0,0,0,0,Mal_Mod
167,172.21.0.120-172.21.0.110-8805-8805,172.21.0.120,172.21.0.110,8805,8805,17,119924693,1616,1617,819,819,0,0,0,0,0,0,0,0,0,0,0,0,0,798,797,0,0,0,0,0,0,0,0,0,Mal_Estab
152,172.21.0.120-172.21.0.110-8805-8805,172.21.0.120,172.21.0.110,8805,8805,17,119904325,1610,1611,816,816,0,0,0,0,0,0,0,0,0,0,0,0,0,795,794,0,0,0,0,0,0,0,0,0,Mal_Estab
488,172.21.0.120-172.21.0.110-8805-8805,172.21.0.120,172.21.0.110,8805,8805,17,110014319,22,23,23,22,0,0,0,0,0,0,0,0,0,0,0,0,0,0,0,0,0,0,0,0,0,0,0,0,Mal_Del
382,172.21.0.110-172.21.0.120-8805-8805,172.21.0.110,172.21.0.120,8805,8805,17,110012432,22,23,23,22,0,0,0,0,0,0,0,0,0,0,0,0,0,0,0,0,0,0,0,0,0,0,0,0,Mal_Mod
287,172.21.0.110-172.21.0.120-8805-8805,172.21.0.110,172.21.0.120,8805,8805,17,110017121,22,23,23,22,0,0,0,0,0,0,0,0,0,0,0,0,0,0,0,0,0,0,0,0,0,0,0,0,Mal_Mod
325,172.21.0.110-172.21.0.120-8805-8805,172.21.0.110,172.21.0.120,8805,8805,17,110010299,22,23,23,22,0,0,0,0,0,0,0,0,0,0,0,0,0,0,0,0,0,0,0,0,0,0,0,0,Mal_Del
188,172.21.0.110-172.21.0.120-8805-8805,172.21.0.110,172.21.0.120,8805,8805,17,110010935,22,23,23,22,0,0,0,0,0,0,0,0,0,0,0,0,0,0,0,0,0,0,0,0,0,0,0,0,Mal_Mod
437,172.21.0.107-172.21.0.110-8805-8805,172.21.0.107,172.21.0.110,8805,8805,17,119952781,1021,1,0,0,0,0,0,0,0,0,0,0,0,0,0,0,0,0,0,1022,0,0,0,0,0,0,0,0,Normal
519,172.21.0.110-172.21.0.120-8805-8805,172.21.0.110,172.21.0.120,8805,8805,17,110012318,22,23,23,22,0,0,0,0,0,0,0,0,0,0,0,0,0,0,0,0,0,0,0,0,0,0,0,0,Mal_Del
171,172.21.0.120-172.21.0.110-8805-8805,172.21.0.120,172.21.0.110,8805,8805,17,119955616,1619,1620,820,820,0,0,0,0,0,0,0,0,0,0,0,0,0,800,799,0,0,0,0,0,0,0,0,0,Mal_Estab
382,172.21.0.110-172.21.0.120-8805-8805,172.21.0.110,172.21.0.120,8805,8805,17,110016218,22,23,23,22,0,0,0,0,0,0,0,0,0,0,0,0,0,0,0,0,0,0,0,0,0,0,0,0,Mal_Mod2
126,172.21.0.110-172.21.0.120-8805-8805,172.21.0.110,172.21.0.120,8805,8805,17,110013716,22,23,23,22,0,0,0,0,0,0,0,0,0,0,0,0,0,0,0,0,0,0,0,0,0,0,0,0,Mal_Mod2
482,172.21.0.120-172.21.0.110-8805-8805,172.21.0.120,172.21.0.110,8805,8805,17,110014747,22,23,23,22,0,0,0,0,0,0,0,0,0,0,0,0,0,0,0,0,0,0,0,0,0,0,0,0,Mal_Del
467,172.21.0.107-172.21.0.110-8805-8805,172.21.0.107,172.21.0.110,8805,8805,17,119867625,1036,1,0,0,0,0,0,0,0,0,0,0,0,0,0,0,0,0,0,1037,0,0,0,0,0,0,0,0,Normal
244,172.21.0.110-172.21.0.120-8805-8805,172.21.0.110,172.21.0.120,8805,8805,17,110018184,22,23,23,22,0,0,0,0,0,0,0,0,0,0,0,0,0,0,0,0,0,0,0,0,0,0,0,0,Mal_Mod
358,172.21.0.110-172.21.0.120-8805-8805,172.21.0.110,172.21.0.120,8805,8805,17,110012583,22,23,23,22,0,0,0,0,0,0,0,0,0,0,0,0,0,0,0,0,0,0,0,0,0,0,0,0,Mal_Mod2
413,172.21.0.110-172.21.0.120-8805-8805,172.21.0.110,172.21.0.120,8805,8805,17,110028266,22,23,23,22,0,0,0,0,0,0,0,0,0,0,0,0,0,0,0,0,0,0,0,0,0,0,0,0,Mal_Mod2
174,172.21.0.107-172.21.0.110-8805-8805,172.21.0.107,172.21.0.110,8805,8805,17,119995743,1047,1048,22,22,0,0,0,0,0,0,0,0,0,0,0,0,0,0,0,1026,1025,0,0,0,0,0,0,0,Normal
134,172.21.0.120-172.21.0.110-8805-8805,172.21.0.120,172.21.0.110,8805,8805,17,110015488,22,23,23,22,0,0,0,0,0,0,0,0,0,0,0,0,0,0,0,0,0,0,0,0,0,0,0,0,Mal_Mod
481,172.21.0.120-172.21.0.110-8805-8805,172.21.0.120,172.21.0.110,8805,8805,17,110018776,22,23,23,22,0,0,0,0,0,0,0,0,0,0,0,0,0,0,0,0,0,0,0,0,0,0,0,0,Mal_Mod2
450,172.21.0.110-172.21.0.120-8805-8805,172.21.0.110,172.21.0.120,8805,8805,17,110020815,22,23,23,22,0,0,0,0,0,0,0,0,0,0,0,0,0,0,0,0,0,0,0,0,0,0,0,0,Mal_Mod2
548,172.21.0.120-172.21.0.110-8805-8805,172.21.0.120,172.21.0.110,8805,8805,17,110020920,22,23,23,22,0,0,0,0,0,0,0,0,0,0,0,0,0,0,0,0,0,0,0,0,0,0,0,0,Mal_Del
622,172.21.0.120-172.21.0.110-8805-8805,172.21.0.120,172.21.0.110,8805,8805,17,99015564,20,21,21,20,0,0,0,0,0,0,0,0,0,0,0,0,0,0,0,0,0,0,0,0,0,0,0,0,Mal_Mod
65,172.21.0.110-172.21.0.107-8805-8805,172.21.0.110,172.21.0.107,8805,8805,17,119835859,893,23,22,22,0,0,0,0,0,0,0,0,0,0,0,0,0,0,0,0,872,0,0,0,0,0,0,0,Normal
354,172.21.0.107-172.21.0.110-8805-8805,172.21.0.107,172.21.0.110,8805,8805,17,119860542,1045,1046,22,22,0,0,0,0,0,0,0,0,0,0,0,0,0,0,0,1024,1023,0,0,0,0,0,0,0,Normal
526,172.21.0.110-172.21.0.120-8805-8805,172.21.0.110,172.21.0.120,8805,8805,17,110016845,22,23,23,22,0,0,0,0,0,0,0,0,0,0,0,0,0,0,0,0,0,0,0,0,0,0,0,0,Mal_Mod
339,172.21.0.120-172.21.0.110-8805-8805,172.21.0.120,172.21.0.110,8805,8805,17,119951412,1554,1555,788,788,0,0,0,0,0,0,0,0,0,0,0,0,0,767,766,0,0,0,0,0,0,0,0,0,Mal_Estab
341,172.21.0.110-172.21.0.120-8805-8805,172.21.0.110,172.21.0.120,8805,8805,17,110015265,22,23,23,22,0,0,0,0,0,0,0,0,0,0,0,0,0,0,0,0,0,0,0,0,0,0,0,0,Mal_Mod
557,172.21.0.110-172.21.0.120-8805-8805,172.21.0.110,172.21.0.120,8805,8805,17,110019843,22,23,23,22,0,0,0,0,0,0,0,0,0,0,0,0,0,0,0,0,0,0,0,0,0,0,0,0,Mal_Del
238,172.21.0.110-172.21.0.120-8805-8805,172.21.0.110,172.21.0.120,8805,8805,17,99014273,20,21,21,20,0,0,0,0,0,0,0,0,0,0,0,0,0,0,0,0,0,0,0,0,0,0,0,0,Mal_Mod
598,172.21.0.110-172.21.0.120-8805-8805,172.21.0.110,172.21.0.120,8805,8805,17,110013788,22,23,23,22,0,0,0,0,0,0,0,0,0,0,0,0,0,0,0,0,0,0,0,0,0,0,0,0,Mal_Del
178,172.21.0.110-172.21.0.120-8805-8805,172.21.0.110,172.21.0.120,8805,8805,17,110012032,22,23,23,22,0,0,0,0,0,0,0,0,0,0,0,0,0,0,0,0,0,0,0,0,0,0,0,0,Mal_Del
480,172.21.0.110-172.21.0.120-8805-8805,172.21.0.110,172.21.0.120,8805,8805,17,110019090,22,23,23,22,0,0,0,0,0,0,0,0,0,0,0,0,0,0,0,0,0,0,0,0,0,0,0,0,Mal_Mod
191,172.21.0.110-172.21.0.120-8805-8805,172.21.0.110,172.21.0.120,8805,8805,17,110012456,22,23,23,22,0,0,0,0,0,0,0,0,0,0,0,0,0,0,0,0,0,0,0,0,0,0,0,0,Mal_Mod
350,172.21.0.110-172.21.0.120-8805-8805,172.21.0.110,172.21.0.120,8805,8805,17,110012089,22,23,23,22,0,0,0,0,0,0,0,0,0,0,0,0,0,0,0,0,0,0,0,0,0,0,0,0,Mal_Mod
266,172.21.0.120-172.21.0.110-8805-8805,172.21.0.120,172.21.0.110,8805,8805,17,119944586,1611,1612,815,815,0,0,0,0,0,0,0,0,0,0,0,0,0,797,796,0,0,0,0,0,0,0,0,0,Mal_Estab
591,172.21.0.110-172.21.0.120-8805-8805,172.21.0.110,172.21.0.120,8805,8805,17,110015699,22,23,23,22,0,0,0,0,0,0,0,0,0,0,0,0,0,0,0,0,0,0,0,0,0,0,0,0,Mal_Del
465,172.21.0.110-172.21.0.120-8805-8805,172.21.0.110,172.21.0.120,8805,8805,17,110015622,22,23,23,22,0,0,0,0,0,0,0,0,0,0,0,0,0,0,0,0,0,0,0,0,0,0,0,0,Mal_Mod2
242,172.21.0.110-172.21.0.120-8805-8805,172.21.0.110,172.21.0.120,8805,8805,17,110014017,22,23,23,22,0,0,0,0,0,0,0,0,0,0,0,0,0,0,0,0,0,0,0,0,0,0,0,0,Mal_Del
173,172.21.0.110-172.21.0.120-8805-8805,172.21.0.110,172.21.0.120,8805,8805,17,110015598,22,23,23,22,0,0,0,0,0,0,0,0,0,0,0,0,0,0,0,0,0,0,0,0,0,0,0,0,Mal_Mod2
174,172.21.0.110-172.21.0.120-8805-8805,172.21.0.110,172.21.0.120,8805,8805,17,110011267,22,23,23,22,0,0,0,0,0,0,0,0,0,0,0,0,0,0,0,0,0,0,0,0,0,0,0,0,Mal_Del
574,172.21.0.110-172.21.0.120-8805-8805,172.21.0.110,172.21.0.120,8805,8805,17,110013649,22,23,23,22,0,0,0,0,0,0,0,0,0,0,0,0,0,0,0,0,0,0,0,0,0,0,0,0,Mal_Del
272,172.21.0.110-172.21.0.120-8805-8805,172.21.0.110,172.21.0.120,8805,8805,17,110013889,22,23,23,22,0,0,0,0,0,0,0,0,0,0,0,0,0,0,0,0,0,0,0,0,0,0,0,0,Mal_Del
383,172.21.0.110-172.21.0.120-8805-8805,172.21.0.110,172.21.0.120,8805,8805,17,110016665,22,23,23,22,0,0,0,0,0,0,0,0,0,0,0,0,0,0,0,0,0,0,0,0,0,0,0,0,Mal_Mod2
243,172.21.0.110-172.21.0.120-8805-8805,172.21.0.110,172.21.0.120,8805,8805,17,99012022,20,21,21,20,0,0,0,0,0,0,0,0,0,0,0,0,0,0,0,0,0,0,0,0,0,0,0,0,Mal_Mod
14,172.21.0.110-172.21.0.107-8805-8805,172.21.0.110,172.21.0.107,8805,8805,17,119854611,1043,23,22,22,0,0,0,0,0,0,0,0,0,0,0,0,0,0,0,0,1022,0,0,0,0,0,0,0,Normal
301,172.21.0.120-172.21.0.110-8805-8805,172.21.0.120,172.21.0.110,8805,8805,17,119907615,1514,1515,768,767,0,0,0,0,0,0,0,0,0,0,0,0,0,747,747,0,0,0,0,0,0,0,0,0,Mal_Estab
373,172.21.0.120-172.21.0.110-8805-8805,172.21.0.120,172.21.0.110,8805,8805,17,110013390,22,23,23,22,0,0,0,0,0,0,0,0,0,0,0,0,0,0,0,0,0,0,0,0,0,0,0,0,Mal_Mod2
243,172.21.0.110-172.21.0.120-8805-8805,172.21.0.110,172.21.0.120,8805,8805,17,110014133,22,23,23,22,0,0,0,0,0,0,0,0,0,0,0,0,0,0,0,0,0,0,0,0,0,0,0,0,Mal_Mod2
360,172.21.0.120-172.21.0.110-8805-8805,172.21.0.120,172.21.0.110,8805,8805,17,119888246,1620,1621,821,821,0,0,0,0,0,0,0,0,0,0,0,0,0,800,799,0,0,0,0,0,0,0,0,0,Mal_Estab
318,172.21.0.110-172.21.0.120-8805-8805,172.21.0.110,172.21.0.120,8805,8805,17,110012173,22,23,23,22,0,0,0,0,0,0,0,0,0,0,0,0,0,0,0,0,0,0,0,0,0,0,0,0,Mal_Del
602,172.21.0.110-172.21.0.120-8805-8805,172.21.0.110,172.21.0.120,8805,8805,17,110011018,22,23,23,22,0,0,0,0,0,0,0,0,0,0,0,0,0,0,0,0,0,0,0,0,0,0,0,0,Mal_Mod2
225,172.21.0.120-172.21.0.110-8805-8805,172.21.0.120,172.21.0.110,8805,8805,17,119858189,1542,1543,782,782,0,0,0,0,0,0,0,0,0,0,0,0,0,761,760,0,0,0,0,0,0,0,0,0,Mal_Estab
98,172.21.0.110-172.21.0.107-8805-8805,172.21.0.110,172.21.0.107,8805,8805,17,119936096,832,22,21,21,0,0,0,0,0,0,0,0,0,0,0,0,0,0,0,0,812,0,0,0,0,0,0,0,Normal
591,172.21.0.110-172.21.0.120-8805-8805,172.21.0.110,172.21.0.120,8805,8805,17,110014610,22,23,23,22,0,0,0,0,0,0,0,0,0,0,0,0,0,0,0,0,0,0,0,0,0,0,0,0,Mal_Mod2
179,172.21.0.120-172.21.0.110-8805-8805,172.21.0.120,172.21.0.110,8805,8805,17,110013735,22,23,23,22,0,0,0,0,0,0,0,0,0,0,0,0,0,0,0,0,0,0,0,0,0,0,0,0,Mal_Mod
464,172.21.0.107-172.21.0.110-8805-8805,172.21.0.107,172.21.0.110,8805,8805,17,119804118,1024,1,0,0,0,0,0,0,0,0,0,0,0,0,0,0,0,0,0,1025,0,0,0,0,0,0,0,0,Normal
65,172.21.0.110-172.21.0.107-8805-8805,172.21.0.110,172.21.0.107,8805,8805,17,119944070,708,23,22,22,0,0,0,0,0,0,0,0,0,0,0,0,0,0,0,0,0,0,687,0,0,0,0,0,Normal
290,172.21.0.110-172.21.0.120-8805-8805,172.21.0.110,172.21.0.120,8805,8805,17,110014067,22,23,23,22,0,0,0,0,0,0,0,0,0,0,0,0,0,0,0,0,0,0,0,0,0,0,0,0,Mal_Mod2
335,172.21.0.110-172.21.0.120-8805-8805,172.21.0.110,172.21.0.120,8805,8805,17,110014594,22,23,23,22,0,0,0,0,0,0,0,0,0,0,0,0,0,0,0,0,0,0,0,0,0,0,0,0,Mal_Mod2
185,172.21.0.120-172.21.0.110-8805-8805,172.21.0.120,172.21.0.110,8805,8805,17,119917461,1615,1616,818,818,0,0,0,0,0,0,0,0,0,0,0,0,0,798,797,0,0,0,0,0,0,0,0,0,Mal_Estab
482,172.21.0.110-172.21.0.120-8805-8805,172.21.0.110,172.21.0.120,8805,8805,17,110013499,22,23,23,22,0,0,0,0,0,0,0,0,0,0,0,0,0,0,0,0,0,0,0,0,0,0,0,0,Mal_Mod2
471,172.21.0.110-172.21.0.120-8805-8805,172.21.0.110,172.21.0.120,8805,8805,17,110011333,22,23,23,22,0,0,0,0,0,0,0,0,0,0,0,0,0,0,0,0,0,0,0,0,0,0,0,0,Mal_Mod
272,172.21.0.120-172.21.0.110-8805-8805,172.21.0.120,172.21.0.110,8805,8805,17,119903512,1573,1574,796,796,0,0,0,0,0,0,0,0,0,0,0,0,0,778,777,0,0,0,0,0,0,0,0,0,Mal_Estab
365,172.21.0.120-172.21.0.110-8805-8805,172.21.0.120,172.21.0.110,8805,8805,17,99014928,20,21,21,20,0,0,0,0,0,0,0,0,0,0,0,0,0,0,0,0,0,0,0,0,0,0,0,0,Mal_Mod
511,172.21.0.120-172.21.0.110-8805-8805,172.21.0.120,172.21.0.110,8805,8805,17,110013487,22,23,23,22,0,0,0,0,0,0,0,0,0,0,0,0,0,0,0,0,0,0,0,0,0,0,0,0,Mal_Del
381,172.21.0.107-172.21.0.110-8805-8805,172.21.0.107,172.21.0.110,8805,8805,17,119811734,1053,1054,22,22,0,0,0,0,0,0,0,0,0,0,0,0,0,0,0,1032,1031,0,0,0,0,0,0,0,Normal
375,172.21.0.120-172.21.0.110-8805-8805,172.21.0.120,172.21.0.110,8805,8805,17,119955922,1601,1602,813,812,0,0,0,0,0,0,0,0,0,0,0,0,0,789,789,0,0,0,0,0,0,0,0,0,Mal_Estab
153,172.21.0.110-172.21.0.120-8805-8805,172.21.0.110,172.21.0.120,8805,8805,17,110012549,22,23,23,22,0,0,0,0,0,0,0,0,0,0,0,0,0,0,0,0,0,0,0,0,0,0,0,0,Mal_Mod
390,172.21.0.120-172.21.0.110-8805-8805,172.21.0.120,172.21.0.110,8805,8805,17,119921594,1614,1615,818,818,0,0,0,0,0,0,0,0,0,0,0,0,0,797,796,0,0,0,0,0,0,0,0,0,Mal_Estab
316,172.21.0.120-172.21.0.110-8805-8805,172.21.0.120,172.21.0.110,8805,8805,17,119922578,1581,1582,801,801,0,0,0,0,0,0,0,0,0,0,0,0,0,781,780,0,0,0,0,0,0,0,0,0,Mal_Estab
272,172.21.0.110-172.21.0.120-8805-8805,172.21.0.110,172.21.0.120,8805,8805,17,110019256,22,23,23,22,0,0,0,0,0,0,0,0,0,0,0,0,0,0,0,0,0,0,0,0,0,0,0,0,Mal_Mod2
431,172.21.0.110-172.21.0.120-8805-8805,172.21.0.110,172.21.0.120,8805,8805,17,110013288,22,23,23,22,0,0,0,0,0,0,0,0,0,0,0,0,0,0,0,0,0,0,0,0,0,0,0,0,Mal_Del
359,172.21.0.120-172.21.0.110-8805-8805,172.21.0.120,172.21.0.110,8805,8805,17,119945508,1615,1616,818,818,0,0,0,0,0,0,0,0,0,0,0,0,0,798,797,0,0,0,0,0,0,0,0,0,Mal_Estab
535,172.21.0.110-172.21.0.120-8805-8805,172.21.0.110,172.21.0.120,8805,8805,17,99013063,20,21,21,20,0,0,0,0,0,0,0,0,0,0,0,0,0,0,0,0,0,0,0,0,0,0,0,0,Mal_Del
311,172.21.0.110-172.21.0.120-8805-8805,172.21.0.110,172.21.0.120,8805,8805,17,110013932,22,23,23,22,0,0,0,0,0,0,0,0,0,0,0,0,0,0,0,0,0,0,0,0,0,0,0,0,Mal_Del
407,172.21.0.110-172.21.0.120-8805-8805,172.21.0.110,172.21.0.120,8805,8805,17,110015727,22,23,23,22,0,0,0,0,0,0,0,0,0,0,0,0,0,0,0,0,0,0,0,0,0,0,0,0,Mal_Mod
359,172.21.0.110-172.21.0.120-8805-8805,172.21.0.110,172.21.0.120,8805,8805,17,110012848,22,23,23,22,0,0,0,0,0,0,0,0,0,0,0,0,0,0,0,0,0,0,0,0,0,0,0,0,Mal_Del
90,172.21.0.110-172.21.0.107-8805-8805,172.21.0.110,172.21.0.107,8805,8805,17,110017513,22,23,23,22,0,0,0,0,0,0,0,0,0,0,0,0,0,0,0,0,0,0,0,0,0,0,0,0,Normal
369,172.21.0.120-172.21.0.110-8805-8805,172.21.0.120,172.21.0.110,8805,8805,17,110012213,22,23,23,22,0,0,0,0,0,0,0,0,0,0,0,0,0,0,0,0,0,0,0,0,0,0,0,0,Mal_Mod
140,172.21.0.120-172.21.0.110-8805-8805,172.21.0.120,172.21.0.110,8805,8805,17,119943826,1628,1629,825,825,0,0,0,0,0,0,0,0,0,0,0,0,0,804,803,0,0,0,0,0,0,0,0,0,Mal_Estab
156,172.21.0.110-172.21.0.120-8805-8805,172.21.0.110,172.21.0.120,8805,8805,17,110012474,22,23,23,22,0,0,0,0,0,0,0,0,0,0,0,0,0,0,0,0,0,0,0,0,0,0,0,0,Mal_Del
532,172.21.0.110-172.21.0.120-8805-8805,172.21.0.110,172.21.0.120,8805,8805,17,110014369,22,23,23,22,0,0,0,0,0,0,0,0,0,0,0,0,0,0,0,0,0,0,0,0,0,0,0,0,Mal_Del
355,172.21.0.110-172.21.0.120-8805-8805,172.21.0.110,172.21.0.120,8805,8805,17,110013416,22,23,23,22,0,0,0,0,0,0,0,0,0,0,0,0,0,0,0,0,0,0,0,0,0,0,0,0,Mal_Mod
165,172.21.0.110-172.21.0.120-8805-8805,172.21.0.110,172.21.0.120,8805,8805,17,110014030,22,23,23,22,0,0,0,0,0,0,0,0,0,0,0,0,0,0,0,0,0,0,0,0,0,0,0,0,Mal_Mod
114,172.21.0.110-172.21.0.107-8805-8805,172.21.0.110,172.21.0.107,8805,8805,17,119916685,1031,23,22,22,0,0,0,0,0,0,0,0,0,0,0,0,0,0,0,0,1010,0,0,0,0,0,0,0,Normal
165,172.21.0.110-172.21.0.120-8805-8805,172.21.0.110,172.21.0.120,8805,8805,17,110013782,22,23,23,22,0,0,0,0,0,0,0,0,0,0,0,0,0,0,0,0,0,0,0,0,0,0,0,0,Mal_Del
486,172.21.0.110-172.21.0.120-8805-8805,172.21.0.110,172.21.0.120,8805,8805,17,99011187,20,21,21,20,0,0,0,0,0,0,0,0,0,0,0,0,0,0,0,0,0,0,0,0,0,0,0,0,Mal_Mod2
295,172.21.0.110-172.21.0.120-8805-8805,172.21.0.110,172.21.0.120,8805,8805,17,110011610,22,23,23,22,0,0,0,0,0,0,0,0,0,0,0,0,0,0,0,0,0,0,0,0,0,0,0,0,Mal_Del
320,172.21.0.110-172.21.0.120-8805-8805,172.21.0.110,172.21.0.120,8805,8805,17,110012992,22,23,23,22,0,0,0,0,0,0,0,0,0,0,0,0,0,0,0,0,0,0,0,0,0,0,0,0,Mal_Del
94,172.21.0.110-172.21.0.107-8805-8805,172.21.0.110,172.21.0.107,8805,8805,17,99012511,20,21,21,20,0,0,0,0,0,0,0,0,0,0,0,0,0,0,0,0,0,0,0,0,0,0,0,0,Normal
427,172.21.0.107-172.21.0.110-8805-8805,172.21.0.107,172.21.0.110,8805,8805,17,119851835,618,1,0,0,0,0,0,0,0,0,0,0,0,0,0,0,0,0,0,0,0,0,0,0,0,0,0,0,Normal
201,172.21.0.120-172.21.0.110-8805-8805,172.21.0.120,172.21.0.110,8805,8805,17,119932633,1614,1615,818,818,0,0,0,0,0,0,0,0,0,0,0,0,0,797,796,0,0,0,0,0,0,0,0,0,Mal_Estab
384,172.21.0.120-172.21.0.110-8805-8805,172.21.0.120,172.21.0.110,8805,8805,17,119932742,1610,1611,816,816,0,0,0,0,0,0,0,0,0,0,0,0,0,795,794,0,0,0,0,0,0,0,0,0,Mal_Estab
453,172.21.0.110-172.21.0.120-8805-8805,172.21.0.110,172.21.0.120,8805,8805,17,110012067,22,23,23,22,0,0,0,0,0,0,0,0,0,0,0,0,0,0,0,0,0,0,0,0,0,0,0,0,Mal_Del
104,172.21.0.110-172.21.0.107-8805-8805,172.21.0.110,172.21.0.107,8805,8805,17,119895655,1047,23,22,22,0,0,0,0,0,0,0,0,0,0,0,0,0,0,0,0,1026,0,0,0,0,0,0,0,Normal
257,172.21.0.120-172.21.0.110-8805-8805,172.21.0.120,172.21.0.110,8805,8805,17,119972858,1602,1605,814,813,0,0,0,0,0,0,0,0,0,0,0,0,0,790,790,0,0,0,0,0,0,0,0,0,Mal_Estab
620,172.21.0.110-172.21.0.120-8805-8805,172.21.0.110,172.21.0.120,8805,8805,17,110012077,22,23,23,22,0,0,0,0,0,0,0,0,0,0,0,0,0,0,0,0,0,0,0,0,0,0,0,0,Mal_Del
84,172.21.0.110-172.21.0.107-8805-8805,172.21.0.110,172.21.0.107,8805,8805,17,119878845,1059,23,22,22,0,0,0,0,0,0,0,0,0,0,0,0,0,0,0,0,1038,0,0,0,0,0,0,0,Normal
366,172.21.0.120-172.21.0.110-8805-8805,172.21.0.120,172.21.0.110,8805,8805,17,119913537,1615,1616,818,818,0,0,0,0,0,0,0,0,0,0,0,0,0,798,797,0,0,0,0,0,0,0,0,0,Mal_Estab
337,172.21.0.120-172.21.0.110-8805-8805,172.21.0.120,172.21.0.110,8805,8805,17,119935028,1579,1580,800,800,0,0,0,0,0,0,0,0,0,0,0,0,0,780,779,0,0,0,0,0,0,0,0,0,Mal_Estab
172,172.21.0.110-172.21.0.120-8805-8805,172.21.0.110,172.21.0.120,8805,8805,17,99011888,20,21,21,20,0,0,0,0,0,0,0,0,0,0,0,0,0,0,0,0,0,0,0,0,0,0,0,0,Mal_Del
28,172.21.0.110-172.21.0.107-8805-8805,172.21.0.110,172.21.0.107,8805,8805,17,119895389,1042,23,22,22,0,0,0,0,0,0,0,0,0,0,0,0,0,0,0,0,1021,0,0,0,0,0,0,0,Normal
151,172.21.0.110-172.21.0.120-8805-8805,172.21.0.110,172.21.0.120,8805,8805,17,110016236,22,23,23,22,0,0,0,0,0,0,0,0,0,0,0,0,0,0,0,0,0,0,0,0,0,0,0,0,Mal_Mod2
302,172.21.0.107-172.21.0.110-8805-8805,172.21.0.107,172.21.0.110,8805,8805,17,119919987,707,708,22,22,0,0,0,0,0,0,0,0,0,0,0,0,0,0,0,0,0,0,685,0,0,0,0,0,Normal
296,172.21.0.110-172.21.0.120-8805-8805,172.21.0.110,172.21.0.120,8805,8805,17,110021051,22,23,23,22,0,0,0,0,0,0,0,0,0,0,0,0,0,0,0,0,0,0,0,0,0,0,0,0,Mal_Mod2
186,172.21.0.110-172.21.0.120-8805-8805,172.21.0.110,172.21.0.120,8805,8805,17,110012141,22,23,23,22,0,0,0,0,0,0,0,0,0,0,0,0,0,0,0,0,0,0,0,0,0,0,0,0,Mal_Del
295,172.21.0.110-172.21.0.120-8805-8805,172.21.0.110,172.21.0.120,8805,8805,17,110020996,22,23,23,22,0,0,0,0,0,0,0,0,0,0,0,0,0,0,0,0,0,0,0,0,0,0,0,0,Mal_Mod
199,172.21.0.110-172.21.0.120-8805-8805,172.21.0.110,172.21.0.120,8805,8805,17,110016447,22,23,23,22,0,0,0,0,0,0,0,0,0,0,0,0,0,0,0,0,0,0,0,0,0,0,0,0,Mal_Mod
267,172.21.0.110-172.21.0.120-8805-8805,172.21.0.110,172.21.0.120,8805,8805,17,99013114,20,21,21,20,0,0,0,0,0,0,0,0,0,0,0,0,0,0,0,0,0,0,0,0,0,0,0,0,Mal_Mod
157,172.21.0.120-172.21.0.110-8805-8805,172.21.0.120,172.21.0.110,8805,8805,17,119929993,1583,1584,804,803,0,0,0,0,0,0,0,0,0,0,0,0,0,780,780,0,0,0,0,0,0,0,0,0,Mal_Estab
278,172.21.0.120-172.21.0.110-8805-8805,172.21.0.120,172.21.0.110,8805,8805,17,119872058,1617,1618,821,820,0,0,0,0,0,0,0,0,0,0,0,0,0,797,797,0,0,0,0,0,0,0,0,0,Mal_Estab
486,172.21.0.110-172.21.0.120-8805-8805,172.21.0.110,172.21.0.120,8805,8805,17,110014288,22,23,23,22,0,0,0,0,0,0,0,0,0,0,0,0,0,0,0,0,0,0,0,0,0,0,0,0,Mal_Del
8,172.21.0.110-172.21.0.107-8805-8805,172.21.0.110,172.21.0.107,8805,8805,17,110011878,22,23,23,22,0,0,0,0,0,0,0,0,0,0,0,0,0,0,0,0,0,0,0,0,0,0,0,0,Normal
192,172.21.0.120-172.21.0.110-8805-8805,172.21.0.120,172.21.0.110,8805,8805,17,99011762,20,21,21,20,0,0,0,0,0,0,0,0,0,0,0,0,0,0,0,0,0,0,0,0,0,0,0,0,Mal_Mod2
352,172.21.0.110-172.21.0.120-8805-8805,172.21.0.110,172.21.0.120,8805,8805,17,110016303,22,23,23,22,0,0,0,0,0,0,0,0,0,0,0,0,0,0,0,0,0,0,0,0,0,0,0,0,Mal_Mod
284,172.21.0.120-172.21.0.110-8805-8805,172.21.0.120,172.21.0.110,8805,8805,17,119924554,1578,1579,800,800,0,0,0,0,0,0,0,0,0,0,0,0,0,779,778,0,0,0,0,0,0,0,0,0,Mal_Estab
455,172.21.0.110-172.21.0.120-8805-8805,172.21.0.110,172.21.0.120,8805,8805,17,110013947,22,23,23,22,0,0,0,0,0,0,0,0,0,0,0,0,0,0,0,0,0,0,0,0,0,0,0,0,Mal_Mod
154,172.21.0.120-172.21.0.110-8805-8805,172.21.0.120,172.21.0.110,8805,8805,17,119833367,1530,1531,776,776,0,0,0,0,0,0,0,0,0,0,0,0,0,755,754,0,0,0,0,0,0,0,0,0,Mal_Estab
147,172.21.0.110-172.21.0.120-8805-8805,172.21.0.110,172.21.0.120,8805,8805,17,110011651,22,23,23,22,0,0,0,0,0,0,0,0,0,0,0,0,0,0,0,0,0,0,0,0,0,0,0,0,Mal_Del
418,172.21.0.110-172.21.0.120-8805-8805,172.21.0.110,172.21.0.120,8805,8805,17,110018117,22,23,23,22,0,0,0,0,0,0,0,0,0,0,0,0,0,0,0,0,0,0,0,0,0,0,0,0,Mal_Mod
161,172.21.0.110-172.21.0.120-8805-8805,172.21.0.110,172.21.0.120,8805,8805,17,110015864,22,23,23,22,0,0,0,0,0,0,0,0,0,0,0,0,0,0,0,0,0,0,0,0,0,0,0,0,Mal_Mod2
211,172.21.0.120-172.21.0.110-8805-8805,172.21.0.120,172.21.0.110,8805,8805,17,119950442,1612,1613,818,817,0,0,0,0,0,0,0,0,0,0,0,0,0,795,795,0,0,0,0,0,0,0,0,0,Mal_Estab
303,172.21.0.120-172.21.0.110-8805-8805,172.21.0.120,172.21.0.110,8805,8805,17,119847435,1600,1601,812,811,0,0,0,0,0,0,0,0,0,0,0,0,0,789,789,0,0,0,0,0,0,0,0,0,Mal_Estab
584,172.21.0.107-172.21.0.110-8805-8805,172.21.0.107,172.21.0.110,8805,8805,17,119932044,689,1,0,0,0,0,0,0,0,0,0,0,0,0,0,0,0,0,0,0,0,0,0,0,0,0,0,0,Normal
372,172.21.0.120-172.21.0.110-8805-8805,172.21.0.120,172.21.0.110,8805,8805,17,119884791,1600,1601,811,811,0,0,0,0,0,0,0,0,0,0,0,0,0,790,789,0,0,0,0,0,0,0,0,0,Mal_Estab
438,172.21.0.110-172.21.0.120-8805-8805,172.21.0.110,172.21.0.120,8805,8805,17,99013788,20,21,21,20,0,0,0,0,0,0,0,0,0,0,0,0,0,0,0,0,0,0,0,0,0,0,0,0,Mal_Mod2
446,172.21.0.120-172.21.0.110-8805-8805,172.21.0.120,172.21.0.110,8805,8805,17,110016232,22,23,23,22,0,0,0,0,0,0,0,0,0,0,0,0,0,0,0,0,0,0,0,0,0,0,0,0,Mal_Mod
98,172.21.0.110-172.21.0.107-8805-8805,172.21.0.110,172.21.0.107,8805,8805,17,119936096,832,22,21,21,0,0,0,0,0,0,0,0,0,0,0,0,0,0,0,0,812,0,0,0,0,0,0,0,Normal
300,172.21.0.120-172.21.0.110-8805-8805,172.21.0.120,172.21.0.110,8805,8805,17,119920243,1637,1638,829,829,0,0,0,0,0,0,0,0,0,0,0,0,0,809,808,0,0,0,0,0,0,0,0,0,Mal_Estab
294,172.21.0.110-172.21.0.120-8805-8805,172.21.0.110,172.21.0.120,8805,8805,17,110022072,22,23,23,22,0,0,0,0,0,0,0,0,0,0,0,0,0,0,0,0,0,0,0,0,0,0,0,0,Mal_Mod
528,172.21.0.110-172.21.0.120-8805-8805,172.21.0.110,172.21.0.120,8805,8805,17,110014939,22,23,23,22,0,0,0,0,0,0,0,0,0,0,0,0,0,0,0,0,0,0,0,0,0,0,0,0,Mal_Mod
256,172.21.0.110-172.21.0.120-8805-8805,172.21.0.110,172.21.0.120,8805,8805,17,110011668,22,23,23,22,0,0,0,0,0,0,0,0,0,0,0,0,0,0,0,0,0,0,0,0,0,0,0,0,Mal_Del
254,172.21.0.120-172.21.0.110-8805-8805,172.21.0.120,172.21.0.110,8805,8805,17,99012610,20,21,21,20,0,0,0,0,0,0,0,0,0,0,0,0,0,0,0,0,0,0,0,0,0,0,0,0,Mal_Mod2
264,172.21.0.120-172.21.0.110-8805-8805,172.21.0.120,172.21.0.110,8805,8805,17,119976485,1629,1630,825,825,0,0,0,0,0,0,0,0,0,0,0,0,0,805,804,0,0,0,0,0,0,0,0,0,Mal_Estab
427,172.21.0.110-172.21.0.120-8805-8805,172.21.0.110,172.21.0.120,8805,8805,17,110012344,22,23,23,22,0,0,0,0,0,0,0,0,0,0,0,0,0,0,0,0,0,0,0,0,0,0,0,0,Mal_Mod2
573,172.21.0.110-172.21.0.120-8805-8805,172.21.0.110,172.21.0.120,8805,8805,17,110011156,22,23,23,22,0,0,0,0,0,0,0,0,0,0,0,0,0,0,0,0,0,0,0,0,0,0,0,0,Mal_Mod
351,172.21.0.110-172.21.0.120-8805-8805,172.21.0.110,172.21.0.120,8805,8805,17,110012543,22,23,23,22,0,0,0,0,0,0,0,0,0,0,0,0,0,0,0,0,0,0,0,0,0,0,0,0,Mal_Mod2
637,172.21.0.110-172.21.0.120-8805-8805,172.21.0.110,172.21.0.120,8805,8805,17,99010808,20,21,21,20,0,0,0,0,0,0,0,0,0,0,0,0,0,0,0,0,0,0,0,0,0,0,0,0,Mal_Mod
398,172.21.0.107-172.21.0.110-8805-8805,172.21.0.107,172.21.0.110,8805,8805,17,119864399,1042,1,0,0,0,0,0,0,0,0,0,0,0,0,0,0,0,0,0,1043,0,0,0,0,0,0,0,0,Normal
84,172.21.0.110-172.21.0.107-8805-8805,172.21.0.110,172.21.0.107,8805,8805,17,119935970,720,23,22,22,0,0,0,0,0,0,0,0,0,0,0,0,0,0,0,0,0,0,699,0,0,0,0,0,Normal
